doc_name,entity_text,pages
Ley  De Justicia Administrativa De La Cdmx 3.1.Pdf,Secretaría de Administración y Finanzas,44
Ley  Org Del Inst De Planeacion Democratica  Y Prospectiva De La Cdmx 3.2.Pdf,Secretaría de Administración y Finanzas,"3, 4, 7, 13"
Ley  Org Del Inst De Planeacion Democratica  Y Prospectiva De La Cdmx 3.2.Pdf,Secretaría de Gobierno,4
Ley  Org Del Inst De Planeacion Democratica  Y Prospectiva De La Cdmx 3.2.Pdf,Secretaría de Desarrollo Urbano y Vivienda,4
Ley  Org Del Inst De Planeacion Democratica  Y Prospectiva De La Cdmx 3.2.Pdf,Secretaría del Medio Ambiente,4
Ley  Org Del Inst De Planeacion Democratica  Y Prospectiva De La Cdmx 3.2.Pdf,Secretaría de Gestión Integral de Riesgos y Protección Civil,4
Ley  Org Del Inst De Planeacion Democratica  Y Prospectiva De La Cdmx 3.2.Pdf,Contraloría General de la Ciudad de México,12
Ley  Org Del Inst De Planeacion Democratica  Y Prospectiva De La Cdmx 3.2.Pdf,Jefatura de Gobierno de la Ciudad de México,14
Ley Acceso Gratuito Internet Cdmx 1.Pdf,Agencia Digital de Innovación Pública,2
Ley Acceso Gratuito Internet Cdmx 1.Pdf,Secretaría de Seguridad Ciudadana,5
Ley Acceso Gratuito Internet Cdmx 1.Pdf,Jefatura de Gobierno de la Ciudad de México,6
Ley Ambiental De La Cdmx.Pdf,Agencia Digital de Innovación Pública,8
Ley Ambiental De La Cdmx.Pdf,Secretaría del Medio Ambiente,"9, 51"
Ley Ambiental De La Cdmx.Pdf,Jefatura de Gobierno de la Ciudad de México,"9, 10, 54, 112"
Ley Ambiental De La Cdmx.Pdf,Secretaría de Seguridad Ciudadana,"13, 76, 78, 79, 95"
Ley Ambiental De La Cdmx.Pdf,Secretaría de Desarrollo Urbano y Vivienda,"22, 55"
Ley Ambiental De La Cdmx.Pdf,"Secretaría de Educación, Ciencia, Tecnología e Innovación",45
Ley Ambiental De La Cdmx.Pdf,Consejería Jurídica y de Servicios Legales,55
Ley Ambiental De La Cdmx.Pdf,Secretaría de Administración y Finanzas,71
Ley Ambiental De La Cdmx.Pdf,Secretaría de Movilidad,76
Ley Ambiental De La Cdmx.Pdf,Secretaría de Gestión Integral de Riesgos y Protección Civil,"77, 84"
Ley Atn Y Apo A Vict Dein Secuestro 2.1.Pdf,Fiscalía General de Justicia de la Ciudad de México,2
Ley Atn Y Apo A Vict Dein Secuestro 2.1.Pdf,Secretaría de Educación de la Ciudad de México,7
Ley Aust Transp En Remun Prest Y Ejerc De Rec De La Ciudad De Mexico 5.5.Pdf,Jefatura de Gobierno de la Ciudad de México,"4, 5, 42, 45, 65, 69, 74, 75"
Ley Aust Transp En Remun Prest Y Ejerc De Rec De La Ciudad De Mexico 5.5.Pdf,Contraloría General de la Ciudad de México,7
Ley Aust Transp En Remun Prest Y Ejerc De Rec De La Ciudad De Mexico 5.5.Pdf,Secretaría de Administración y Finanzas,"7, 75"
Ley Aust Transp En Remun Prest Y Ejerc De Rec De La Ciudad De Mexico 5.5.Pdf,Secretaría de las Mujeres,12
Ley Banco Adn Para Uso Forense De La Ciudad De Mexico 2.1.Pdf,Fiscalía General de Justicia de la Ciudad de México,"3, 11"
Ley Banco Adn Para Uso Forense De La Ciudad De Mexico 2.1.Pdf,Secretaría de Seguridad Ciudadana,"3, 8"
Ley Banco Adn Para Uso Forense De La Ciudad De Mexico 2.1.Pdf,Secretaría de Gobierno,"3, 8"
Ley Banco Adn Para Uso Forense De La Ciudad De Mexico 2.1.Pdf,Agencia Digital de Innovación Pública,3
Ley Busqueda De Personas De La Cdmx 2.4.Pdf,Comisión de Búsqueda de Personas de la Ciudad de México,"2, 3"
Ley Busqueda De Personas De La Cdmx 2.4.Pdf,Fiscalía General de Justicia de la Ciudad de México,"3, 7, 20, 21, 37"
Ley Busqueda De Personas De La Cdmx 2.4.Pdf,Secretaría de Seguridad Ciudadana,"4, 7, 9, 11, 34, 36"
Ley Busqueda De Personas De La Cdmx 2.4.Pdf,Secretaría de Gobierno,"7, 10, 18, 34, 35, 37"
Ley Busqueda De Personas De La Cdmx 2.4.Pdf,Secretaría de las Mujeres,7
Ley Busqueda De Personas De La Cdmx 2.4.Pdf,Secretaría de Gestión Integral de Riesgos y Protección Civil,7
Ley Busqueda De Personas De La Cdmx 2.4.Pdf,Secretaría de Salud de la Ciudad de México,7
Ley Busqueda De Personas De La Cdmx 2.4.Pdf,Consejería Jurídica y de Servicios Legales,7
Ley Busqueda De Personas De La Cdmx 2.4.Pdf,Agencia Digital de Innovación Pública,"7, 9"
Ley Busqueda De Personas De La Cdmx 2.4.Pdf,Secretaría de Administración y Finanzas,37
Ley Busqueda De Personas De La Cdmx 2.4.Pdf,Jefatura de Gobierno de la Ciudad de México,"38, 39, 40"
Ley Constitucional De Derechos Humanos Y Sus Garantias De La Ciudad De Mexico 2.1.Pdf,Secretaría de Gobierno,36
Ley Dela Defensoria Publica Del Df 5.1.Pdf,Consejería Jurídica y de Servicios Legales,1
Ley Del Derecho Al Bienestar .Pdf,Jefatura de Gobierno de la Ciudad de México,"4, 27"
Ley Del Derecho Al Bienestar .Pdf,Secretaría de Bienestar e Igualdad Social,"5, 16, 18, 26"
Ley Del Derecho Al Bienestar .Pdf,Agencia Digital de Innovación Pública,"14, 25"
Ley Del Derecho Al Bienestar .Pdf,Secretaría de Administración y Finanzas,16
Ley Del Derecho Al Bienestar .Pdf,Secretaría de Desarrollo Urbano y Vivienda,16
Ley Del Derecho Al Bienestar .Pdf,Secretaría de Desarrollo Económico,16
Ley Del Derecho Al Bienestar .Pdf,Secretaría de Pueblos y Barrios Originarios y Comunidades Indígenas Residentes,16
Ley Del Derecho Al Bienestar .Pdf,Secretaría de Obras y Servicios,16
Ley Del Derecho Al Bienestar .Pdf,Secretaría de las Mujeres,"16, 24"
Ley Del Derecho Al Bienestar .Pdf,Secretaría del Medio Ambiente,16
Ley Del Derecho Al Bienestar .Pdf,Secretaría de Movilidad,16
Ley Del Derecho Al Bienestar .Pdf,Secretaría de Seguridad Ciudadana,16
Ley Del Heroico Cuerpo De Bomberos Del Df 2.3.Pdf,Secretaría de Protección Civil,"1, 10, 16, 26"
Ley Del Heroico Cuerpo De Bomberos Del Df 2.3.Pdf,Secretaría del Medio Ambiente,3
Ley Del Heroico Cuerpo De Bomberos Del Df 2.3.Pdf,Secretaría de Desarrollo Económico,26
Ley Del Instit De  Verificacion Admitva De La Ciudad De Mexico 4.Pdf,Agencia Digital de Innovación Pública,1
Ley Del Instit De  Verificacion Admitva De La Ciudad De Mexico 4.Pdf,Secretaría de Desarrollo Económico,"2, 6"
Ley Del Instit De  Verificacion Admitva De La Ciudad De Mexico 4.Pdf,Secretaría de Gobierno,6
Ley Del Instit De  Verificacion Admitva De La Ciudad De Mexico 4.Pdf,Contraloría General de la Ciudad de México,"6, 7, 11"
Ley Del Instit De  Verificacion Admitva De La Ciudad De Mexico 4.Pdf,Consejería Jurídica y de Servicios Legales,6
Ley Del Instit De  Verificacion Admitva De La Ciudad De Mexico 4.Pdf,Secretaría de Desarrollo Urbano y Vivienda,6
Ley Del Instit De  Verificacion Admitva De La Ciudad De Mexico 4.Pdf,Secretaría de Obras y Servicios,6
Ley Del Instit De  Verificacion Admitva De La Ciudad De Mexico 4.Pdf,Secretaría de Administración y Finanzas,6
Ley Del Instit De  Verificacion Admitva De La Ciudad De Mexico 4.Pdf,Secretaría de Gestión Integral de Riesgos y Protección Civil,7
Ley Del Instit De  Verificacion Admitva De La Ciudad De Mexico 4.Pdf,Secretaría de Turismo,7
Ley Del Instit De  Verificacion Admitva De La Ciudad De Mexico 4.Pdf,Secretaría del Medio Ambiente,7
Ley Del Instit De  Verificacion Admitva De La Ciudad De Mexico 4.Pdf,Jefatura de Gobierno de la Ciudad de México,"8, 15, 16"
Ley Del Insti De Estudios Cientificos Para La Prev Del Delito En La Cdmx 2.1.Pdf,Secretaría de Gobierno,4
Ley Del Insti De Estudios Cientificos Para La Prev Del Delito En La Cdmx 2.1.Pdf,Secretaría de Seguridad Ciudadana,4
Ley Del Insti De Estudios Cientificos Para La Prev Del Delito En La Cdmx 2.1.Pdf,Fiscalía General de Justicia de la Ciudad de México,"4, 16"
Ley Del Insti De Estudios Cientificos Para La Prev Del Delito En La Cdmx 2.1.Pdf,Contraloría General de la Ciudad de México,"4, 11"
Ley Del Inst Para La Seg De Las Construcciones Del Df 3.1.Pdf,Secretaría de Obras y Servicios,1
Ley Del Inst Para La Seg De Las Construcciones Del Df 3.1.Pdf,Secretaría de Desarrollo Urbano y Vivienda,5
Ley Del Inst Para La Seg De Las Construcciones Del Df 3.1.Pdf,Secretaría de Protección Civil,5
Ley Del Inst Para La Seg De Las Construcciones Del Df 3.1.Pdf,Sistema para el Desarrollo Integral de la Familia del Distrito Federal,13
Ley Del Notariado Para La Ciudad De Mexico 1.2.Pdf,Consejería Jurídica y de Servicios Legales,"2, 61, 71, 75, 82"
Ley Del Notariado Para La Ciudad De Mexico 1.2.Pdf,Agencia Digital de Innovación Pública,85
Ley Del Notariado Para La Ciudad De Mexico 1.2.Pdf,Jefatura de Gobierno de la Ciudad de México,85
Ley Del Regimen Patrimonial Y Del Servicio Publico 8.Pdf,Secretaría de Desarrollo Urbano y Vivienda,"3, 6"
Ley Del Regimen Patrimonial Y Del Servicio Publico 8.Pdf,Secretaría de Gobierno,"3, 6"
Ley Del Regimen Patrimonial Y Del Servicio Publico 8.Pdf,Secretaría de Obras y Servicios,"3, 7"
Ley Del Regimen Patrimonial Y Del Servicio Publico 8.Pdf,Secretaría de Desarrollo Económico,7
Ley Del Regimen Patrimonial Y Del Servicio Publico 8.Pdf,Secretaría del Medio Ambiente,7
Ley Del Regimen Patrimonial Y Del Servicio Publico 8.Pdf,Consejería Jurídica y de Servicios Legales,15
Ley Del Servicio Publico De Carrera De La Adm Pub De La Cdmx 2.3.Pdf,Secretaría de Seguridad Ciudadana,2
Ley Del Servicio Publico De Carrera De La Adm Pub De La Cdmx 2.3.Pdf,Contraloría General de la Ciudad de México,4
Ley Del Servicio Publico De Carrera De La Adm Pub De La Cdmx 2.3.Pdf,Secretaría de Administración y Finanzas,"5, 8, 10"
Ley Del Servicio Publico De Carrera De La Adm Pub De La Cdmx 2.3.Pdf,Jefatura de Gobierno de la Ciudad de México,21
Ley Del Sistema Anticorrupcion De La Ciudad De Mexico 4.1.Pdf,Contraloría General de la Ciudad de México,"7, 20, 21, 22"
Ley Del Sistema Anticorrupcion De La Ciudad De Mexico 4.1.Pdf,Jefatura de Gobierno de la Ciudad de México,"15, 17, 27"
Ley Del Sistema Anticorrupcion De La Ciudad De Mexico 4.1.Pdf,Secretaría de Administración y Finanzas,27
Ley Del Sistema De Alerta Social De La Cdmx 2.5.Pdf,Jefatura de Gobierno de la Ciudad de México,"2, 7"
Ley Del Sistema De Alerta Social De La Cdmx 2.5.Pdf,Secretaría de Salud de la Ciudad de México,2
Ley Del Sistema De Planeacion Del Desarrollo De La Cdmx 2.6.Pdf,Secretaría de Desarrollo Urbano y Vivienda,8
Ley Del Sistema De Planeacion Del Desarrollo De La Cdmx 2.6.Pdf,Secretaría de Administración y Finanzas,"28, 29, 33"
Ley Del Sistema De Planeacion Del Desarrollo De La Cdmx 2.6.Pdf,Jefatura de Gobierno de la Ciudad de México,"34, 35"
Ley Del Sistema De Seguridad Ciudadana De La Cdmx 10.Pdf,Fiscalía General de Justicia de la Ciudad de México,"2, 54, 62, 64"
Ley Del Sistema De Seguridad Ciudadana De La Cdmx 10.Pdf,Agencia Digital de Innovación Pública,2
Ley Del Sistema De Seguridad Ciudadana De La Cdmx 10.Pdf,Secretaría de Seguridad Ciudadana,"3, 62, 63, 66, 67, 68, 72"
Ley Del Sistema De Seguridad Ciudadana De La Cdmx 10.Pdf,Secretaría de Gobierno,"7, 12, 17, 23, 67"
Ley Del Sistema De Seguridad Ciudadana De La Cdmx 10.Pdf,Consejería Jurídica y de Servicios Legales,"9, 17"
Ley Del Sistema De Seguridad Ciudadana De La Cdmx 10.Pdf,Jefatura de Gobierno de la Ciudad de México,"19, 63, 66, 69, 70, 71, 72, 73, 74"
Ley Del Sistema De Seguridad Ciudadana De La Cdmx 10.Pdf,Policía Auxiliar,"25, 50"
Ley Del Sistema De Seguridad Ciudadana De La Cdmx 10.Pdf,Policía Bancaria e Industrial,"25, 50"
Ley Del Sistema De Seguridad Ciudadana De La Cdmx 10.Pdf,Secretaría de Administración y Finanzas,"62, 63, 68"
Ley Del Sistema Integral De Derechos Humanos Cdmx 1.1.Pdf,Secretaría de Gobierno,"11, 22"
Ley Del Sistema Integral De Derechos Humanos Cdmx 1.1.Pdf,Secretaría de Administración y Finanzas,22
Ley Del Sistema Integral De Derechos Humanos Cdmx 1.1.Pdf,Instancia Ejecutora del Sistema Integral de Derechos Humanos de la Ciudad de México,22
Ley Del Sistema Integral De Derechos Humanos Cdmx 1.1.Pdf,Jefatura de Gobierno de la Ciudad de México,23
Ley Del Sistema Publico De Radiodifusion De La Ciudad De Mexico 2.2.Pdf,Secretaría de Cultura,"2, 6"
Ley Del Sistema Publico De Radiodifusion De La Ciudad De Mexico 2.2.Pdf,Secretaría de Administración y Finanzas,"2, 9"
Ley Del Sistema Publico De Radiodifusion De La Ciudad De Mexico 2.2.Pdf,"Secretaría de Educación, Ciencia, Tecnología e Innovación","2, 6"
Ley Del Sistema Publico De Radiodifusion De La Ciudad De Mexico 2.2.Pdf,Contraloría General de la Ciudad de México,16
Ley Del Sistema Publico De Radiodifusion De La Ciudad De Mexico 2.2.Pdf,Jefatura de Gobierno de la Ciudad de México,"18, 19"
Ley Del Territorio De La Ciudad De Mexico 1.1.Pdf,Agencia Digital de Innovación Pública,2
Ley Del Territorio De La Ciudad De Mexico 1.1.Pdf,Consejería Jurídica y de Servicios Legales,"2, 21, 24"
Ley Del Territorio De La Ciudad De Mexico 1.1.Pdf,Sistema de Aguas de la Ciudad de México,13
Ley Del Territorio De La Ciudad De Mexico 1.1.Pdf,Secretaría de Gobierno,21
Ley Del Territorio De La Ciudad De Mexico 1.1.Pdf,Secretaría de Administración y Finanzas,"21, 24"
Ley Del Territorio De La Ciudad De Mexico 1.1.Pdf,Secretaría de Desarrollo Urbano y Vivienda,"24, 37"
Ley Del Territorio De La Ciudad De Mexico 1.1.Pdf,Jefatura de Gobierno de la Ciudad de México,"37, 38"
Ley Derechos De Pueblos Y Barrios Originarios Y Comunidades Indigenas Residentes En La Cdmx 2.4.Pdf,Jefatura de Gobierno de la Ciudad de México,"2, 3, 29, 30"
Ley Derechos De Pueblos Y Barrios Originarios Y Comunidades Indigenas Residentes En La Cdmx 2.4.Pdf,Secretaría de Pueblos y Barrios Originarios y Comunidades Indígenas Residentes,"4, 27"
Ley Derechos De Pueblos Y Barrios Originarios Y Comunidades Indigenas Residentes En La Cdmx 2.4.Pdf,Secretaría de Desarrollo Urbano y Vivienda,6
Ley Derechos De Pueblos Y Barrios Originarios Y Comunidades Indigenas Residentes En La Cdmx 2.4.Pdf,Agencia Digital de Innovación Pública,"8, 28"
Ley Derechos De Pueblos Y Barrios Originarios Y Comunidades Indigenas Residentes En La Cdmx 2.4.Pdf,Secretaría de Gobierno,16
Ley Derechos Ninas Ninos Adolescentes Cdmx 7.Pdf,Fiscalía General de Justicia de la Ciudad de México,3
Ley Derechos Ninas Ninos Adolescentes Cdmx 7.Pdf,Secretaría de Turismo,41
Ley Derechos Ninas Ninos Adolescentes Cdmx 7.Pdf,Secretaría de Gobierno,59
Ley Derechos Ninas Ninos Adolescentes Cdmx 7.Pdf,Consejería Jurídica y de Servicios Legales,60
Ley Derechos Ninas Ninos Adolescentes Cdmx 7.Pdf,Secretaría de Cultura,60
Ley Derechos Ninas Ninos Adolescentes Cdmx 7.Pdf,Secretaría de Desarrollo Rural y Equidad para las Comunidades,60
Ley Derechos Ninas Ninos Adolescentes Cdmx 7.Pdf,Sistema para el Desarrollo Integral de la Familia del Distrito Federal,71
Ley Derechos Ninas Ninos Adolescentes Cdmx 7.Pdf,Secretaría de Salud de la Ciudad de México,75
Ley Derechos Ninas Ninos Adolescentes Cdmx 7.Pdf,Jefatura de Gobierno de la Ciudad de México,"76, 79, 80, 81, 82, 83, 84, 85, 86, 87, 88, 89, 90, 91, 92"
Ley Derecho Acc Disp Y Saneamiento Del Agua De La Ciudad De Mexico 4.1.Pdf,Agencia Digital de Innovación Pública,"4, 62"
Ley Derecho Acc Disp Y Saneamiento Del Agua De La Ciudad De Mexico 4.1.Pdf,Secretaría del Medio Ambiente,"4, 7, 8"
Ley Derecho Acc Disp Y Saneamiento Del Agua De La Ciudad De Mexico 4.1.Pdf,Sistema de Aguas de la Ciudad de México,"5, 7, 44, 45, 52, 54, 55, 56, 58"
Ley Derecho Acc Disp Y Saneamiento Del Agua De La Ciudad De Mexico 4.1.Pdf,Secretaría de Desarrollo Rural y Equidad para las Comunidades,10
Ley Derecho Acc Disp Y Saneamiento Del Agua De La Ciudad De Mexico 4.1.Pdf,Secretaría de Desarrollo Urbano y Vivienda,44
Ley Derecho Acc Disp Y Saneamiento Del Agua De La Ciudad De Mexico 4.1.Pdf,Jefatura de Gobierno de la Ciudad de México,62
Ley Derecho Alimentario A Madres Solas De Escasos 1.2.Pdf,Jefatura de Gobierno de la Ciudad de México,2
Ley De Accesibilidad Para La Cdmx 3.1.Pdf,Secretaría de Cultura,3
Ley De Accesibilidad Para La Cdmx 3.1.Pdf,Secretaría de Desarrollo Urbano y Vivienda,"3, 5"
Ley De Accesibilidad Para La Cdmx 3.1.Pdf,Secretaría de Educación de la Ciudad de México,3
Ley De Accesibilidad Para La Cdmx 3.1.Pdf,Secretaría de Movilidad,3
Ley De Accesibilidad Para La Cdmx 3.1.Pdf,Secretaría de Obras y Servicios,"3, 5"
Ley De Accesibilidad Para La Cdmx 3.1.Pdf,Secretaría de Protección Civil,3
Ley De Accesibilidad Para La Cdmx 3.1.Pdf,Secretaría de Turismo,3
Ley De Acceso De Las Mujeres A Una Vida Libre De Violencia De La Cdmx 12.Pdf,Secretaría de las Mujeres,"2, 12, 15, 21, 22, 26, 29, 30, 31, 32, 35, 53, 66"
Ley De Acceso De Las Mujeres A Una Vida Libre De Violencia De La Cdmx 12.Pdf,Secretaría de Gobierno,"12, 15, 58, 59"
Ley De Acceso De Las Mujeres A Una Vida Libre De Violencia De La Cdmx 12.Pdf,Consejería Jurídica y de Servicios Legales,"13, 29, 33, 35"
Ley De Acceso De Las Mujeres A Una Vida Libre De Violencia De La Cdmx 12.Pdf,Secretaría de Salud de la Ciudad de México,"17, 27"
Ley De Acceso De Las Mujeres A Una Vida Libre De Violencia De La Cdmx 12.Pdf,"Secretaría de Educación, Ciencia, Tecnología e Innovación","18, 29"
Ley De Acceso De Las Mujeres A Una Vida Libre De Violencia De La Cdmx 12.Pdf,Secretaría de Trabajo y Fomento al Empleo,"19, 28"
Ley De Acceso De Las Mujeres A Una Vida Libre De Violencia De La Cdmx 12.Pdf,Secretaría de Desarrollo Urbano y Vivienda,"19, 27, 29"
Ley De Acceso De Las Mujeres A Una Vida Libre De Violencia De La Cdmx 12.Pdf,Secretaría de Cultura,20
Ley De Acceso De Las Mujeres A Una Vida Libre De Violencia De La Cdmx 12.Pdf,Secretaría de Seguridad Ciudadana,"21, 35, 39, 58, 59, 66"
Ley De Acceso De Las Mujeres A Una Vida Libre De Violencia De La Cdmx 12.Pdf,Secretaría de Desarrollo Económico,27
Ley De Acceso De Las Mujeres A Una Vida Libre De Violencia De La Cdmx 12.Pdf,Secretaría de Administración y Finanzas,"27, 34, 59"
Ley De Acceso De Las Mujeres A Una Vida Libre De Violencia De La Cdmx 12.Pdf,Agencia Digital de Innovación Pública,45
Ley De Acceso De Las Mujeres A Una Vida Libre De Violencia De La Cdmx 12.Pdf,Jefatura de Gobierno de la Ciudad de México,"53, 54, 55, 58, 60, 61, 62, 63, 64, 65, 66, 67"
Ley De Adquisiciones Para El Distrito Federal 2.1.Pdf,Secretaría de Desarrollo Económico,"6, 7, 12, 14, 15, 16, 19, 38"
Ley De Adquisiciones Para El Distrito Federal 2.1.Pdf,Secretaría del Medio Ambiente,"6, 12"
Ley De Adquisiciones Para El Distrito Federal 2.1.Pdf,Consejería Jurídica y de Servicios Legales,12
Ley De Albergues Privados Para Personas Adultas Mayores Del Df 3.Pdf,Secretaría de Salud de la Ciudad de México,"2, 4"
Ley De Albergues Privados Para Personas Adultas Mayores Del Df 3.Pdf,Jefatura de Gobierno de la Ciudad de México,10
Ley De Alberg Pub Priv Ninas Y Ninos Df 2.3.Pdf,Secretaría de Protección Civil,"2, 3, 4, 7, 13"
Ley De Alberg Pub Priv Ninas Y Ninos Df 2.3.Pdf,Sistema para el Desarrollo Integral de la Familia del Distrito Federal,2
Ley De Alberg Pub Priv Ninas Y Ninos Df 2.3.Pdf,Jefatura de Gobierno de la Ciudad de México,16
Ley De Archivos De La Cdmx 2.1.Pdf,Fiscalía General de Justicia de la Ciudad de México,5
Ley De Archivos De La Cdmx 2.1.Pdf,Consejería Jurídica y de Servicios Legales,25
Ley De Archivos De La Cdmx 2.1.Pdf,Contraloría General de la Ciudad de México,25
Ley De Archivos De La Cdmx 2.1.Pdf,Secretaría de Cultura,"25, 35"
Ley De Archivos De La Cdmx 2.1.Pdf,Secretaría de Gobierno,"35, 41"
Ley De Archivos De La Cdmx 2.1.Pdf,Secretaría de Administración y Finanzas,35
Ley De Archivos De La Cdmx 2.1.Pdf,"Secretaría de Educación, Ciencia, Tecnología e Innovación",35
Ley De Asistencia E Integra Social Del Df 2.1.Pdf,Jefatura de Gobierno de la Ciudad de México,"2, 8"
Ley De Asistencia E Integra Social Del Df 2.1.Pdf,Secretaría de Salud de la Ciudad de México,"2, 5"
Ley De Asistencia E Integra Social Del Df 2.1.Pdf,Secretaría de Gobierno,5
Ley De Asistencia E Integra Social Del Df 2.1.Pdf,Secretaría de Administración y Finanzas,5
Ley De Asistencia E Integra Social Del Df 2.1.Pdf,Secretaría de Gestión Integral de Riesgos y Protección Civil,5
Ley De Asistencia E Integra Social Del Df 2.1.Pdf,Secretaría de Trabajo y Fomento al Empleo,5
Ley De Asistencia E Integra Social Del Df 2.1.Pdf,"Secretaría de Educación, Ciencia, Tecnología e Innovación",5
Ley De Asistencia E Integra Social Del Df 2.1.Pdf,Fiscalía General de Justicia de la Ciudad de México,5
Ley De Atn Int Para El Desarrollo De Ninas Yninos En Primera Infancia 1.1.Pdf,Sistema para el Desarrollo Integral de la Familia del Distrito Federal,3
Ley De Atn Int Para El Desarrollo De Ninas Yninos En Primera Infancia 1.1.Pdf,Consejería Jurídica y de Servicios Legales,3
Ley De Auditoria Y Control Interno De La Admon Publica De La Cdmx 3.1.Pdf,Contraloría General de la Ciudad de México,"3, 7"
Ley De Auditoria Y Control Interno De La Admon Publica De La Cdmx 3.1.Pdf,Jefatura de Gobierno de la Ciudad de México,"5, 17"
Ley De Bebe Seguro De La Cdmx 6.Pdf,Secretaría de Salud de la Ciudad de México,8
Ley De Bebe Seguro De La Cdmx 6.Pdf,Jefatura de Gobierno de la Ciudad de México,"9, 10, 11"
Ley De Bibliotecas  De  La  Ciudad  De  Mexico 3.4.Pdf,"Secretaría de Educación, Ciencia, Tecnología e Innovación",3
Ley De Bibliotecas  De  La  Ciudad  De  Mexico 3.4.Pdf,Agencia Digital de Innovación Pública,"3, 5, 6"
Ley De Bibliotecas  De  La  Ciudad  De  Mexico 3.4.Pdf,Jefatura de Gobierno de la Ciudad de México,8
Ley De Centros Penitenciarios De La Cdmx 2.1.Pdf,Secretaría de Seguridad Ciudadana,"1, 2, 3, 4, 40, 41"
Ley De Centros Penitenciarios De La Cdmx 2.1.Pdf,Jefatura de Gobierno de la Ciudad de México,"2, 5, 42, 43"
Ley De Centros Penitenciarios De La Cdmx 2.1.Pdf,Fiscalía General de Justicia de la Ciudad de México,3
Ley De Centros Penitenciarios De La Cdmx 2.1.Pdf,Secretaría de Salud de la Ciudad de México,4
Ley De Centros Penitenciarios De La Cdmx 2.1.Pdf,Secretaría de las Mujeres,8
Ley De Centros Penitenciarios De La Cdmx 2.1.Pdf,Secretaría de Administración y Finanzas,"15, 41"
Ley De Centros Penitenciarios De La Cdmx 2.1.Pdf,Secretaría de Gestión Integral de Riesgos y Protección Civil,24
Ley De Centros Penitenciarios De La Cdmx 2.1.Pdf,Secretaría de Gobierno,"40, 41"
Ley De Ciudadania Digital De La Ciudad De Mexico 2.3.Pdf,Agencia Digital de Innovación Pública,2
Ley De Ciudadania Digital De La Ciudad De Mexico 2.3.Pdf,Secretaría de Gobierno,8
Ley De Ciudadania Digital De La Ciudad De Mexico 2.3.Pdf,Secretaría de Administración y Finanzas,8
Ley De Ciudadania Digital De La Ciudad De Mexico 2.3.Pdf,Secretaría de Cultura,8
Ley De Ciudadania Digital De La Ciudad De Mexico 2.3.Pdf,Secretaría de Desarrollo Económico,8
Ley De Ciudadania Digital De La Ciudad De Mexico 2.3.Pdf,Secretaría de Desarrollo Urbano y Vivienda,8
Ley De Ciudadania Digital De La Ciudad De Mexico 2.3.Pdf,"Secretaría de Educación, Ciencia, Tecnología e Innovación",9
Ley De Ciudadania Digital De La Ciudad De Mexico 2.3.Pdf,Secretaría de Gestión Integral de Riesgos y Protección Civil,9
Ley De Ciudadania Digital De La Ciudad De Mexico 2.3.Pdf,Secretaría del Medio Ambiente,9
Ley De Ciudadania Digital De La Ciudad De Mexico 2.3.Pdf,Secretaría de Movilidad,9
Ley De Ciudadania Digital De La Ciudad De Mexico 2.3.Pdf,Secretaría de las Mujeres,9
Ley De Ciudadania Digital De La Ciudad De Mexico 2.3.Pdf,Secretaría de Obras y Servicios,9
Ley De Ciudadania Digital De La Ciudad De Mexico 2.3.Pdf,Secretaría de Pueblos y Barrios Originarios y Comunidades Indígenas Residentes,9
Ley De Ciudadania Digital De La Ciudad De Mexico 2.3.Pdf,Secretaría de Seguridad Ciudadana,9
Ley De Ciudadania Digital De La Ciudad De Mexico 2.3.Pdf,Secretaría de Trabajo y Fomento al Empleo,9
Ley De Ciudadania Digital De La Ciudad De Mexico 2.3.Pdf,Secretaría de Turismo,9
Ley De Ciudadania Digital De La Ciudad De Mexico 2.3.Pdf,Consejería Jurídica y de Servicios Legales,9
Ley De Ciudadania Digital De La Ciudad De Mexico 2.3.Pdf,Fiscalía General de Justicia de la Ciudad de México,12
Ley De Ciudadania Digital De La Ciudad De Mexico 2.3.Pdf,Contraloría General de la Ciudad de México,17
Ley De Ciudadania Digital De La Ciudad De Mexico 2.3.Pdf,Jefatura de Gobierno de la Ciudad de México,"19, 20"
Ley De Comedores Sociales De La Cdmx 4.Pdf,Jefatura de Gobierno de la Ciudad de México,"2, 6, 13, 14, 15"
Ley De Comedores Sociales De La Cdmx 4.Pdf,Secretaría de Salud de la Ciudad de México,4
Ley De Comedores Sociales De La Cdmx 4.Pdf,Secretaría del Medio Ambiente,8
Ley De Coordinacion Metropolitana De La Ciudad De Mexico 3.1.Pdf,Secretaría de Gobierno,"2, 3, 4"
Ley De Cuid Alt Ninas Ninos Y Adol En El Df 3.Pdf,Junta de Asistencia Privada del Distrito Federal,2
Ley De Cuid Alt Ninas Ninos Y Adol En El Df 3.Pdf,Secretaría de Protección Civil,"3, 5, 8"
Ley De Cuid Alt Ninas Ninos Y Adol En El Df 3.Pdf,Secretaría de Gobierno,12
Ley De Cultura Civica De La Ciudad De Mexico 2.7.Pdf,Consejería Jurídica y de Servicios Legales,3
Ley De Cultura Civica De La Ciudad De Mexico 2.7.Pdf,Secretaría de Seguridad Ciudadana,4
Ley De Cultura Civica De La Ciudad De Mexico 2.7.Pdf,Secretaría de Salud de la Ciudad de México,4
Ley De Cultura Civica De La Ciudad De Mexico 2.7.Pdf,Secretaría de Gobierno,38
Ley De Cultura Civica De La Ciudad De Mexico 2.7.Pdf,Contraloría General de la Ciudad de México,44
Ley De Cultura Civica De La Ciudad De Mexico 2.7.Pdf,Jefatura de Gobierno de la Ciudad de México,"46, 47, 48, 49"
Ley De Declaracion Esp De Ausencia Para Pers Desaparecidas En La Cdmx 3.Pdf,Comisión de Búsqueda de Personas de la Ciudad de México,2
Ley De Declaracion Esp De Ausencia Para Pers Desaparecidas En La Cdmx 3.Pdf,Fiscalía General de Justicia de la Ciudad de México,13
Ley De Declaracion Esp De Ausencia Para Pers Desaparecidas En La Cdmx 3.Pdf,Consejería Jurídica y de Servicios Legales,14
Ley De Desarrllo Agropecuario Rural Y Sustentable De La Cdmx 2.Pdf,Secretaría del Medio Ambiente,2
Ley De Desarrllo Agropecuario Rural Y Sustentable De La Cdmx 2.Pdf,Secretaría de las Mujeres,4
Ley De Desarrllo Agropecuario Rural Y Sustentable De La Cdmx 2.Pdf,Jefatura de Gobierno de la Ciudad de México,"10, 27, 28, 29, 30"
Ley De Desarrllo Agropecuario Rural Y Sustentable De La Cdmx 2.Pdf,"Secretaría de Educación, Ciencia, Tecnología e Innovación",14
Ley De Desarrollo Urbano Del Df 5.1.Pdf,Secretaría de Desarrollo Urbano y Vivienda,"5, 34, 38, 64, 66, 68, 71"
Ley De Desarrollo Urbano Del Df 5.1.Pdf,Secretaría del Medio Ambiente,"10, 31, 45, 51"
Ley De Desarrollo Urbano Del Df 5.1.Pdf,Secretaría de Protección Civil,"10, 15, 16, 31, 34"
Ley De Desarrollo Urbano Del Df 5.1.Pdf,Consejería Jurídica y de Servicios Legales,"10, 34"
Ley De Desarrollo Urbano Del Df 5.1.Pdf,Sistema de Aguas de la Ciudad de México,"14, 15, 16, 26, 34, 39"
Ley De Desarrollo Urbano Del Df 5.1.Pdf,Secretaría de Movilidad,"31, 39"
Ley De Desarrollo Urbano Del Df 5.1.Pdf,Secretaría de Desarrollo Económico,34
Ley De Desarrollo Urbano Del Df 5.1.Pdf,Jefatura de Gobierno de la Ciudad de México,"70, 71, 72, 73"
Ley De Desarrollo Urbano Del Df 5.1.Pdf,Agencia Digital de Innovación Pública,72
Ley De Economia Circular De La Cdmx.Pdf,Secretaría del Medio Ambiente,"6, 8, 9, 10, 11, 13, 14, 15, 16, 18"
Ley De Economia Circular De La Cdmx.Pdf,Secretaría de Desarrollo Económico,"6, 8, 9, 12, 13, 14, 16, 18"
Ley De Economia Circular De La Cdmx.Pdf,Secretaría de Administración y Finanzas,"6, 10"
Ley De Economia Circular De La Cdmx.Pdf,Secretaría de Obras y Servicios,"6, 11"
Ley De Economia Circular De La Cdmx.Pdf,Secretaría de Trabajo y Fomento al Empleo,"6, 8, 10"
Ley De Economia Circular De La Cdmx.Pdf,"Secretaría de Educación, Ciencia, Tecnología e Innovación","6, 10, 11, 12, 16"
Ley De Economia Circular De La Cdmx.Pdf,Secretaría de Desarrollo Urbano y Vivienda,"6, 13"
Ley De Economia Circular De La Cdmx.Pdf,Agencia Digital de Innovación Pública,"13, 18"
Ley De Economia Circular De La Cdmx.Pdf,Jefatura de Gobierno de la Ciudad de México,"16, 20, 21"
Ley De Educacion De La Cdmx 3.3.Pdf,Consejería Jurídica y de Servicios Legales,2
Ley De Educacion De La Cdmx 3.3.Pdf,Jefatura de Gobierno de la Ciudad de México,"3, 48, 49, 50, 51, 53, 54"
Ley De Educacion De La Cdmx 3.3.Pdf,"Secretaría de Educación, Ciencia, Tecnología e Innovación",3
Ley De Educacion De La Cdmx 3.3.Pdf,Universidad de la Salud,"11, 15, 16, 52"
Ley De Educacion De La Cdmx 3.3.Pdf,Subsistema de Educación Comunitaria PILARES,11
Ley De Educacion De La Cdmx 3.3.Pdf,Secretaría de Administración y Finanzas,22
Ley De Educacion De La Cdmx 3.3.Pdf,Secretaría de Cultura,22
Ley De Educacion De La Cdmx 3.3.Pdf,Secretaría de Desarrollo Económico,22
Ley De Educacion De La Cdmx 3.3.Pdf,Secretaría de las Mujeres,22
Ley De Educacion De La Cdmx 3.3.Pdf,Secretaría del Medio Ambiente,22
Ley De Educacion Fisica Y Deporte Del Df 9.Pdf,Jefatura de Gobierno de la Ciudad de México,"9, 10, 11, 13, 26, 27, 28, 29, 30"
Ley De Educacion Fisica Y Deporte Del Df 9.Pdf,"Secretaría de Educación, Ciencia, Tecnología e Innovación",10
Ley De Ejecucion De Sanciones Penales Y Reinsercion Social Para El Df 2.Pdf,Secretaría de Gobierno,"4, 18, 36"
Ley De Ejecucion De Sanciones Penales Y Reinsercion Social Para El Df 2.Pdf,Secretaría de Desarrollo Económico,26
Ley De Ejecucion De Sanciones Penales Y Reinsercion Social Para El Df 2.Pdf,Consejería Jurídica y de Servicios Legales,36
Ley De Entrega Recepcion De Los Recursos De La Administracion Publica De La Cdmx 2.1.Pdf,Contraloría General de la Ciudad de México,"1, 2, 8"
Ley De Entrega Recepcion De Los Recursos De La Administracion Publica De La Cdmx 2.1.Pdf,Fiscalía General de Justicia de la Ciudad de México,1
Ley De Entrega Recepcion De Los Recursos De La Administracion Publica De La Cdmx 2.1.Pdf,Consejería Jurídica y de Servicios Legales,1
Ley De Espacios Culturales Independientes De La Cdmx 3.Pdf,Secretaría de Cultura,"5, 10, 11, 15, 18"
Ley De Espacios Culturales Independientes De La Cdmx 3.Pdf,Secretaría de Gobierno,"10, 12, 15"
Ley De Espacios Culturales Independientes De La Cdmx 3.Pdf,Secretaría de Desarrollo Económico,"10, 12, 15, 18"
Ley De Espacios Culturales Independientes De La Cdmx 3.Pdf,Secretaría de Turismo,"10, 13, 15"
Ley De Espacios Culturales Independientes De La Cdmx 3.Pdf,Secretaría de Administración y Finanzas,"10, 13, 15"
Ley De Espacios Culturales Independientes De La Cdmx 3.Pdf,Secretaría de Gestión Integral de Riesgos y Protección Civil,"10, 14, 15"
Ley De Espacios Culturales Independientes De La Cdmx 3.Pdf,Jefatura de Gobierno de la Ciudad de México,19
Ley De Establecimientos Mercantiles Para La Cdmx 5.3.Pdf,Secretaría de Desarrollo Económico,"4, 6, 7, 45, 56"
Ley De Establecimientos Mercantiles Para La Cdmx 5.3.Pdf,Secretaría de Gobierno,"4, 5, 6, 7, 9, 23, 33, 39, 40, 43"
Ley De Establecimientos Mercantiles Para La Cdmx 5.3.Pdf,Secretaría de Seguridad Ciudadana,"4, 12, 17"
Ley De Establecimientos Mercantiles Para La Cdmx 5.3.Pdf,Consejería Jurídica y de Servicios Legales,7
Ley De Establecimientos Mercantiles Para La Cdmx 5.3.Pdf,Secretaría de Gestión Integral de Riesgos y Protección Civil,23
Ley De Establecimientos Mercantiles Para La Cdmx 5.3.Pdf,Secretaría de Salud de la Ciudad de México,30
Ley De Establecimientos Mercantiles Para La Cdmx 5.3.Pdf,Secretaría de Desarrollo Urbano y Vivienda,"45, 46"
Ley De Establecimientos Mercantiles Para La Cdmx 5.3.Pdf,Jefatura de Gobierno de la Ciudad de México,"53, 54, 55, 56, 57, 58"
Ley De Establecimientos Mercantiles Para La Cdmx 5.3.Pdf,Agencia Digital de Innovación Pública,56
Ley De Evaluacion De La Cdmx 4.Pdf,Contraloría General de la Ciudad de México,2
Ley De Evaluacion De La Cdmx 4.Pdf,Secretaría de Administración y Finanzas,"5, 7, 14"
Ley De Evaluacion De La Cdmx 4.Pdf,Jefatura de Gobierno de la Ciudad de México,15
Ley De Extincion De Dominio Para La Cdmx 1.1.Pdf,Fiscalía General de Justicia de la Ciudad de México,"2, 9, 10"
Ley De Filmaciones De La Ciudad De Mexico 3.1.Pdf,Secretaría de Cultura,"4, 6, 8, 11"
Ley De Filmaciones De La Ciudad De Mexico 3.1.Pdf,Secretaría de Turismo,6
Ley De Filmaciones De La Ciudad De Mexico 3.1.Pdf,Secretaría de Gobierno,8
Ley De Filmaciones De La Ciudad De Mexico 3.1.Pdf,Secretaría de Administración y Finanzas,"9, 12"
Ley De Filmaciones De La Ciudad De Mexico 3.1.Pdf,Secretaría de Seguridad Ciudadana,"9, 13"
Ley De Filmaciones De La Ciudad De Mexico 3.1.Pdf,Jefatura de Gobierno de la Ciudad de México,19
Ley De Fomento Al Cine Mexicano De La Cdmx 2.2.Pdf,Secretaría de Cultura,"4, 5, 7, 10, 11, 12, 13"
Ley De Fomento Al Cine Mexicano De La Cdmx 2.2.Pdf,Jefatura de Gobierno de la Ciudad de México,"4, 14"
Ley De Fomento Al Cine Mexicano De La Cdmx 2.2.Pdf,Secretaría de Administración y Finanzas,11
Ley De Fomento A Las Acti De Desarrollo Social De Las Orng Civiles Para El Df 2.2.Pdf,Jefatura de Gobierno de la Ciudad de México,8
Ley De Fomento Cooperativo Para El Df 4.Pdf,Secretaría de Trabajo y Fomento al Empleo,"5, 9"
Ley De Fomento Cooperativo Para El Df 4.Pdf,Secretaría de Desarrollo Económico,"5, 6"
Ley De Fomento Cooperativo Para El Df 4.Pdf,Secretaría de Administración y Finanzas,6
Ley De Fomento Cooperativo Para El Df 4.Pdf,Secretaría de Gobierno,11
Ley De Fomento Cooperativo Para El Df 4.Pdf,Jefatura de Gobierno de la Ciudad de México,"13, 14"
Ley De Fomento Cultural De La Cdmx 5.1.Pdf,Secretaría de Cultura,"4, 7, 8, 13"
Ley De Fomento Cultural De La Cdmx 5.1.Pdf,"Secretaría de Educación, Ciencia, Tecnología e Innovación","7, 10, 13"
Ley De Fomento Cultural De La Cdmx 5.1.Pdf,Secretaría de Desarrollo Urbano y Vivienda,"9, 13"
Ley De Fomento Cultural De La Cdmx 5.1.Pdf,Secretaría de Pueblos y Barrios Originarios y Comunidades Indígenas Residentes,"10, 13"
Ley De Fomento Cultural De La Cdmx 5.1.Pdf,Secretaría de Turismo,13
Ley De Fomento Cultural De La Cdmx 5.1.Pdf,Secretaría de las Mujeres,13
Ley De Fomento Cultural De La Cdmx 5.1.Pdf,Secretaría de Seguridad Ciudadana,13
Ley De Fomento Cultural De La Cdmx 5.1.Pdf,Secretaría de Obras y Servicios,13
Ley De Fomento Cultural De La Cdmx 5.1.Pdf,Secretaría de Desarrollo Económico,13
Ley De Fomento Cultural De La Cdmx 5.1.Pdf,Jefatura de Gobierno de la Ciudad de México,"19, 20, 21"
Ley De Fomento De Procesos Productivos Eficientes Para El Df 4.1.Pdf,"Secretaría de Educación, Ciencia, Tecnología e Innovación","2, 4"
Ley De Fomento De Procesos Productivos Eficientes Para El Df 4.1.Pdf,Secretaría de Desarrollo Económico,2
Ley De Fomento De Procesos Productivos Eficientes Para El Df 4.1.Pdf,Secretaría del Medio Ambiente,"2, 3, 4, 6, 7, 8"
Ley De Fomento De Procesos Productivos Eficientes Para El Df 4.1.Pdf,Secretaría de Administración y Finanzas,7
Ley De Fomento De Procesos Productivos Eficientes Para El Df 4.1.Pdf,Jefatura de Gobierno de la Ciudad de México,11
Ley De Fomento Para La Lectura Y El Libro De La Ciudad De Mexico 6.5.Pdf,Secretaría de Cultura,"3, 4, 11"
Ley De Fomento Para La Lectura Y El Libro De La Ciudad De Mexico 6.5.Pdf,"Secretaría de Educación, Ciencia, Tecnología e Innovación","4, 8"
Ley De Fomento Para La Lectura Y El Libro De La Ciudad De Mexico 6.5.Pdf,Jefatura de Gobierno de la Ciudad de México,"12, 13"
Ley De Gestion Integral De Riesgos Y Proteccion Civil De La Cdmx 4.Pdf,Secretaría de Gestión Integral de Riesgos y Protección Civil,"7, 51"
Ley De Gestion Integral De Riesgos Y Proteccion Civil De La Cdmx 4.Pdf,Secretaría del Medio Ambiente,11
Ley De Gestion Integral De Riesgos Y Proteccion Civil De La Cdmx 4.Pdf,Secretaría de Administración y Finanzas,"14, 51, 67, 68, 75"
Ley De Gestion Integral De Riesgos Y Proteccion Civil De La Cdmx 4.Pdf,Fiscalía General de Justicia de la Ciudad de México,19
Ley De Gestion Integral De Riesgos Y Proteccion Civil De La Cdmx 4.Pdf,Contraloría General de la Ciudad de México,19
Ley De Gestion Integral De Riesgos Y Proteccion Civil De La Cdmx 4.Pdf,Secretaría de Gobierno,"50, 51"
Ley De Gestion Integral De Riesgos Y Proteccion Civil De La Cdmx 4.Pdf,Secretaría de Seguridad Ciudadana,"51, 52"
Ley De Gestion Integral De Riesgos Y Proteccion Civil De La Cdmx 4.Pdf,Secretaría de Obras y Servicios,51
Ley De Gestion Integral De Riesgos Y Proteccion Civil De La Cdmx 4.Pdf,Secretaría de Movilidad,51
Ley De Gestion Integral De Riesgos Y Proteccion Civil De La Cdmx 4.Pdf,Sistema de Aguas de la Ciudad de México,51
Ley De Gestion Integral De Riesgos Y Proteccion Civil De La Cdmx 4.Pdf,Agencia Digital de Innovación Pública,"60, 78"
Ley De Gestion Integral De Riesgos Y Proteccion Civil De La Cdmx 4.Pdf,Jefatura de Gobierno de la Ciudad de México,"77, 78"
Ley De Huertos Urbanos De La Ciudad De Mexico 3.2.Pdf,Secretaría del Medio Ambiente,"3, 5, 6, 7, 8, 9, 10"
Ley De Huertos Urbanos De La Ciudad De Mexico 3.2.Pdf,Secretaría de Administración y Finanzas,"3, 9"
Ley De Huertos Urbanos De La Ciudad De Mexico 3.2.Pdf,Secretaría de Trabajo y Fomento al Empleo,3
Ley De Huertos Urbanos De La Ciudad De Mexico 3.2.Pdf,Secretaría de Desarrollo Económico,3
Ley De Huertos Urbanos De La Ciudad De Mexico 3.2.Pdf,Jefatura de Gobierno de la Ciudad de México,"10, 11"
Ley De Igualdad Sustantiva Entre M Y H En La Cdmx 3.8.Pdf,Jefatura de Gobierno de la Ciudad de México,"3, 5, 9, 21, 22, 23, 24, 25"
Ley De Igualdad Sustantiva Entre M Y H En La Cdmx 3.8.Pdf,Secretaría de las Mujeres,"3, 4, 5, 6, 7, 9, 15, 20"
Ley De Igualdad Sustantiva Entre M Y H En La Cdmx 3.8.Pdf,Secretaría de Desarrollo Económico,7
Ley De Igualdad Sustantiva Entre M Y H En La Cdmx 3.8.Pdf,Secretaría de Trabajo y Fomento al Empleo,7
Ley De Igualdad Sustantiva Entre M Y H En La Cdmx 3.8.Pdf,Fiscalía General de Justicia de la Ciudad de México,7
Ley De Ingresos 2024 1.Pdf,Policía Auxiliar,2
Ley De Ingresos 2024 1.Pdf,Policía Bancaria e Industrial,2
Ley De Ingresos 2024 1.Pdf,Planta Productora de Mezclas Asfálticas,2
Ley De Ingresos 2024 1.Pdf,Secretaría de Administración y Finanzas,"6, 7, 12, 13"
Ley De Ingresos 2024 1.Pdf,Jefatura de Gobierno de la Ciudad de México,8
Ley De Instituciones De Asistencia Privada Para El Df 3.1.Pdf,Junta de Asistencia Privada del Distrito Federal,"2, 16, 30"
Ley De Instituciones De Asistencia Privada Para El Df 3.1.Pdf,Secretaría de Gobierno,17
Ley De Interculturalidad Atencion A Migrantes Y Movilidad Humana En El Df 2.1.Pdf,Secretaría de Desarrollo Rural y Equidad para las Comunidades,2
Ley De Interculturalidad Atencion A Migrantes Y Movilidad Humana En El Df 2.1.Pdf,Secretaría de Gobierno,9
Ley De Interculturalidad Atencion A Migrantes Y Movilidad Humana En El Df 2.1.Pdf,Secretaría de Desarrollo Urbano y Vivienda,9
Ley De Interculturalidad Atencion A Migrantes Y Movilidad Humana En El Df 2.1.Pdf,Secretaría de Desarrollo Económico,9
Ley De Interculturalidad Atencion A Migrantes Y Movilidad Humana En El Df 2.1.Pdf,Secretaría de Turismo,9
Ley De Interculturalidad Atencion A Migrantes Y Movilidad Humana En El Df 2.1.Pdf,Secretaría de Cultura,9
Ley De Interculturalidad Atencion A Migrantes Y Movilidad Humana En El Df 2.1.Pdf,Consejería Jurídica y de Servicios Legales,9
Ley De Justicia Alternativa Del Tribunal Superior De Justicia Para El Df 2.1.Pdf,Consejería Jurídica y de Servicios Legales,19
Ley De Justicia Para Adolescentes Para El Df 2.1.Pdf,Consejería Jurídica y de Servicios Legales,9
Ley De Justicia Para Adolescentes Para El Df 2.1.Pdf,Secretaría de Gobierno,"10, 68, 69"
Ley De La Sala Constitucional Del Poder Judicial De La Ciudad De Mexico 2.1.Pdf,Fiscalía General de Justicia de la Ciudad de México,"11, 19"
Ley De Los Derechos Culturales De Los Habitantes Y Visitantes De La Ciudad De Mexico 2.Pdf,Secretaría de Cultura,"4, 5"
Ley De Los Derechos Culturales De Los Habitantes Y Visitantes De La Ciudad De Mexico 2.Pdf,Jefatura de Gobierno de la Ciudad de México,"4, 7, 15, 16"
Ley De Los Derechos De Las Personas Jovenes En La Ciudad De Mexico 3.3.Pdf,Secretaría de Gobierno,"27, 28"
Ley De Los Derechos De Las Personas Jovenes En La Ciudad De Mexico 3.3.Pdf,Secretaría de Cultura,"27, 30, 44"
Ley De Los Derechos De Las Personas Jovenes En La Ciudad De Mexico 3.3.Pdf,Secretaría de Desarrollo Económico,"27, 32"
Ley De Los Derechos De Las Personas Jovenes En La Ciudad De Mexico 3.3.Pdf,Secretaría de Desarrollo Urbano y Vivienda,"27, 33"
Ley De Los Derechos De Las Personas Jovenes En La Ciudad De Mexico 3.3.Pdf,Secretaría de Obras y Servicios,"27, 33"
Ley De Los Derechos De Las Personas Jovenes En La Ciudad De Mexico 3.3.Pdf,Secretaría de Movilidad,"27, 35"
Ley De Los Derechos De Las Personas Jovenes En La Ciudad De Mexico 3.3.Pdf,Secretaría de Turismo,"27, 32"
Ley De Los Derechos De Las Personas Jovenes En La Ciudad De Mexico 3.3.Pdf,Consejería Jurídica y de Servicios Legales,27
Ley De Los Derechos De Las Personas Jovenes En La Ciudad De Mexico 3.3.Pdf,Secretaría de Trabajo y Fomento al Empleo,35
Ley De Los Derechos De Las Personas Jovenes En La Ciudad De Mexico 3.3.Pdf,Jefatura de Gobierno de la Ciudad de México,"55, 56, 57"
Ley De Los Derechos De Las Personas Mayores De La Cdmx 3.Pdf,Secretaría de Gobierno,"7, 11"
Ley De Los Derechos De Las Personas Mayores De La Cdmx 3.Pdf,Secretaría de Desarrollo Económico,"7, 14"
Ley De Los Derechos De Las Personas Mayores De La Cdmx 3.Pdf,Secretaría de Salud de la Ciudad de México,"8, 9"
Ley De Los Derechos De Las Personas Mayores De La Cdmx 3.Pdf,Secretaría de Cultura,10
Ley De Los Derechos De Las Personas Mayores De La Cdmx 3.Pdf,Secretaría de Turismo,10
Ley De Los Derechos De Las Personas Mayores De La Cdmx 3.Pdf,Secretaría de Movilidad,14
Ley De Los Derechos De Las Personas Mayores De La Cdmx 3.Pdf,Jefatura de Gobierno de la Ciudad de México,23
Ley De Mejoramiento Barrial Y Comunitario Del Df 2.2.Pdf,Jefatura de Gobierno de la Ciudad de México,"2, 5"
Ley De Mejora Regulatoria Para La Ciudad De Mexico 3.4.Pdf,Agencia Digital de Innovación Pública,"4, 12"
Ley De Mejora Regulatoria Para La Ciudad De Mexico 3.4.Pdf,Secretaría de Gobierno,6
Ley De Mejora Regulatoria Para La Ciudad De Mexico 3.4.Pdf,Secretaría de Administración y Finanzas,6
Ley De Mejora Regulatoria Para La Ciudad De Mexico 3.4.Pdf,Secretaría de Cultura,6
Ley De Mejora Regulatoria Para La Ciudad De Mexico 3.4.Pdf,Secretaría de Desarrollo Económico,6
Ley De Mejora Regulatoria Para La Ciudad De Mexico 3.4.Pdf,Secretaría de Desarrollo Urbano y Vivienda,6
Ley De Mejora Regulatoria Para La Ciudad De Mexico 3.4.Pdf,"Secretaría de Educación, Ciencia, Tecnología e Innovación",7
Ley De Mejora Regulatoria Para La Ciudad De Mexico 3.4.Pdf,Secretaría de Gestión Integral de Riesgos y Protección Civil,7
Ley De Mejora Regulatoria Para La Ciudad De Mexico 3.4.Pdf,Secretaría del Medio Ambiente,7
Ley De Mejora Regulatoria Para La Ciudad De Mexico 3.4.Pdf,Secretaría de Movilidad,7
Ley De Mejora Regulatoria Para La Ciudad De Mexico 3.4.Pdf,Secretaría de las Mujeres,7
Ley De Mejora Regulatoria Para La Ciudad De Mexico 3.4.Pdf,Secretaría de Obras y Servicios,7
Ley De Mejora Regulatoria Para La Ciudad De Mexico 3.4.Pdf,Secretaría de Pueblos y Barrios Originarios y Comunidades Indígenas Residentes,7
Ley De Mejora Regulatoria Para La Ciudad De Mexico 3.4.Pdf,Secretaría de Seguridad Ciudadana,7
Ley De Mejora Regulatoria Para La Ciudad De Mexico 3.4.Pdf,Secretaría de Trabajo y Fomento al Empleo,7
Ley De Mejora Regulatoria Para La Ciudad De Mexico 3.4.Pdf,Secretaría de Turismo,7
Ley De Mejora Regulatoria Para La Ciudad De Mexico 3.4.Pdf,Consejería Jurídica y de Servicios Legales,"7, 26"
Ley De Mejora Regulatoria Para La Ciudad De Mexico 3.4.Pdf,Jefatura de Gobierno de la Ciudad de México,31
Ley De Memoria De La Cdmx.Pdf,Secretaría de Cultura,"4, 5, 6"
Ley De Memoria De La Cdmx.Pdf,Jefatura de Gobierno de la Ciudad de México,6
Ley De Mitigacion Y Adaptacion Al Cambio Climatico Y Desarrollo Sustentable De La Cdmx 6.2.Pdf,Secretaría del Medio Ambiente,"6, 40"
Ley De Mitigacion Y Adaptacion Al Cambio Climatico Y Desarrollo Sustentable De La Cdmx 6.2.Pdf,Secretaría de Gestión Integral de Riesgos y Protección Civil,"9, 21"
Ley De Mitigacion Y Adaptacion Al Cambio Climatico Y Desarrollo Sustentable De La Cdmx 6.2.Pdf,Secretaría de Trabajo y Fomento al Empleo,"11, 21"
Ley De Mitigacion Y Adaptacion Al Cambio Climatico Y Desarrollo Sustentable De La Cdmx 6.2.Pdf,Jefatura de Gobierno de la Ciudad de México,"20, 38, 39, 40"
Ley De Mitigacion Y Adaptacion Al Cambio Climatico Y Desarrollo Sustentable De La Cdmx 6.2.Pdf,Secretaría de Gobierno,20
Ley De Mitigacion Y Adaptacion Al Cambio Climatico Y Desarrollo Sustentable De La Cdmx 6.2.Pdf,Secretaría de Administración y Finanzas,21
Ley De Mitigacion Y Adaptacion Al Cambio Climatico Y Desarrollo Sustentable De La Cdmx 6.2.Pdf,Secretaría de Cultura,21
Ley De Mitigacion Y Adaptacion Al Cambio Climatico Y Desarrollo Sustentable De La Cdmx 6.2.Pdf,Secretaría de Desarrollo Económico,21
Ley De Mitigacion Y Adaptacion Al Cambio Climatico Y Desarrollo Sustentable De La Cdmx 6.2.Pdf,Secretaría de Desarrollo Urbano y Vivienda,21
Ley De Mitigacion Y Adaptacion Al Cambio Climatico Y Desarrollo Sustentable De La Cdmx 6.2.Pdf,"Secretaría de Educación, Ciencia, Tecnología e Innovación","21, 23, 34"
Ley De Mitigacion Y Adaptacion Al Cambio Climatico Y Desarrollo Sustentable De La Cdmx 6.2.Pdf,Secretaría de Movilidad,21
Ley De Mitigacion Y Adaptacion Al Cambio Climatico Y Desarrollo Sustentable De La Cdmx 6.2.Pdf,Secretaría de las Mujeres,21
Ley De Mitigacion Y Adaptacion Al Cambio Climatico Y Desarrollo Sustentable De La Cdmx 6.2.Pdf,Secretaría de Obras y Servicios,21
Ley De Mitigacion Y Adaptacion Al Cambio Climatico Y Desarrollo Sustentable De La Cdmx 6.2.Pdf,Secretaría de Pueblos y Barrios Originarios y Comunidades Indígenas Residentes,21
Ley De Mitigacion Y Adaptacion Al Cambio Climatico Y Desarrollo Sustentable De La Cdmx 6.2.Pdf,Secretaría de Seguridad Ciudadana,21
Ley De Mitigacion Y Adaptacion Al Cambio Climatico Y Desarrollo Sustentable De La Cdmx 6.2.Pdf,Secretaría de Turismo,21
Ley De Mitigacion Y Adaptacion Al Cambio Climatico Y Desarrollo Sustentable De La Cdmx 6.2.Pdf,Metrobús,21
Ley De Movilidad De La Cdmx 3.2.Pdf,Consejería Jurídica y de Servicios Legales,6
Ley De Movilidad De La Cdmx 3.2.Pdf,Secretaría de Movilidad,"11, 83, 86, 92, 93"
Ley De Movilidad De La Cdmx 3.2.Pdf,Secretaría de Desarrollo Urbano y Vivienda,"11, 24, 87"
Ley De Movilidad De La Cdmx 3.2.Pdf,"Secretaría de Educación, Ciencia, Tecnología e Innovación",11
Ley De Movilidad De La Cdmx 3.2.Pdf,Secretaría de Administración y Finanzas,"11, 24"
Ley De Movilidad De La Cdmx 3.2.Pdf,Secretaría del Medio Ambiente,"11, 16, 19, 24, 36, 41"
Ley De Movilidad De La Cdmx 3.2.Pdf,Secretaría de Obras y Servicios,"11, 24, 26, 86"
Ley De Movilidad De La Cdmx 3.2.Pdf,Secretaría de Seguridad Ciudadana,"11, 78"
Ley De Movilidad De La Cdmx 3.2.Pdf,Órgano Regulador de Transporte,"19, 94"
Ley De Movilidad De La Cdmx 3.2.Pdf,Secretaría de Gobierno,24
Ley De Movilidad De La Cdmx 3.2.Pdf,Metrobús,"25, 40"
Ley De Movilidad De La Cdmx 3.2.Pdf,Secretaría de Desarrollo Económico,26
Ley De Movilidad De La Cdmx 3.2.Pdf,Jefatura de Gobierno de la Ciudad de México,"92, 94, 95"
Ley De Obras Publicas Del Df 3.Pdf,Jefatura de Gobierno de la Ciudad de México,"1, 2, 7, 41, 51"
Ley De Obras Publicas Del Df 3.Pdf,Secretaría de Obras y Servicios,"2, 34"
Ley De Obras Publicas Del Df 3.Pdf,Contraloría General de la Ciudad de México,2
Ley De Obras Publicas Del Df 3.Pdf,Secretaría de Administración y Finanzas,"8, 9, 10, 11, 24, 43"
Ley De Operacion E Innovacion Digital Para La Ciudad De Mexico 3.1.Pdf,Agencia Digital de Innovación Pública,"2, 4, 19, 32"
Ley De Operacion E Innovacion Digital Para La Ciudad De Mexico 3.1.Pdf,Jefatura de Gobierno de la Ciudad de México,"8, 36, 38"
Ley De Operacion E Innovacion Digital Para La Ciudad De Mexico 3.1.Pdf,Consejería Jurídica y de Servicios Legales,"19, 32"
Ley De Operacion E Innovacion Digital Para La Ciudad De Mexico 3.1.Pdf,Secretaría de Administración y Finanzas,"19, 32"
Ley De Operacion E Innovacion Digital Para La Ciudad De Mexico 3.1.Pdf,"Secretaría de Educación, Ciencia, Tecnología e Innovación","19, 32"
Ley De Operacion E Innovacion Digital Para La Ciudad De Mexico 3.1.Pdf,Secretaría de Desarrollo Urbano y Vivienda,32
Ley De Operacion E Innovacion Digital Para La Ciudad De Mexico 3.1.Pdf,Secretaría de Obras y Servicios,32
Ley De Operacion E Innovacion Digital Para La Ciudad De Mexico 3.1.Pdf,Secretaría de Seguridad Ciudadana,32
Ley De Participacion Ciudadana De La Cdmx4.Pdf,Secretaría de Administración y Finanzas,"20, 31, 34, 35, 37, 38, 58, 59"
Ley De Participacion Ciudadana De La Cdmx4.Pdf,Contraloría General de la Ciudad de México,47
Ley De Participacion Ciudadana De La Cdmx4.Pdf,Jefatura de Gobierno de la Ciudad de México,"58, 59, 60"
Ley De Patrimonio Cultural Natural Y Biocultural De La Ciudad De Mexico 2.7.Pdf,Jefatura de Gobierno de la Ciudad de México,"2, 27, 28"
Ley De Patrimonio Cultural Natural Y Biocultural De La Ciudad De Mexico 2.7.Pdf,Secretaría de Cultura,"3, 4, 5, 6, 7, 8, 9, 10, 16, 18, 19, 21, 23, 24, 25"
Ley De Patrimonio Cultural Natural Y Biocultural De La Ciudad De Mexico 2.7.Pdf,Secretaría de Administración y Finanzas,"4, 5, 9, 16"
Ley De Patrimonio Cultural Natural Y Biocultural De La Ciudad De Mexico 2.7.Pdf,Secretaría de Desarrollo Urbano y Vivienda,"4, 6, 9"
Ley De Patrimonio Cultural Natural Y Biocultural De La Ciudad De Mexico 2.7.Pdf,"Secretaría de Educación, Ciencia, Tecnología e Innovación","4, 6, 9"
Ley De Patrimonio Cultural Natural Y Biocultural De La Ciudad De Mexico 2.7.Pdf,Secretaría de Pueblos y Barrios Originarios y Comunidades Indígenas Residentes,"4, 6, 9"
Ley De Patrimonio Cultural Natural Y Biocultural De La Ciudad De Mexico 2.7.Pdf,Secretaría de Turismo,"4, 8, 9"
Ley De Patrimonio Cultural Natural Y Biocultural De La Ciudad De Mexico 2.7.Pdf,Secretaría de Gobierno,9
Ley De Patrimonio Cultural Natural Y Biocultural De La Ciudad De Mexico 2.7.Pdf,Agencia Digital de Innovación Pública,23
Ley De Planeacion Demografica Y Estadistica Para La Poblacion Del Df 2.1.Pdf,Secretaría de Gobierno,"2, 9, 11"
Ley De Planeacion Demografica Y Estadistica Para La Poblacion Del Df 2.1.Pdf,Consejería Jurídica y de Servicios Legales,13
Ley De Planeacion Demografica Y Estadistica Para La Poblacion Del Df 2.1.Pdf,Secretaría de Desarrollo Urbano y Vivienda,14
Ley De Planeacion Demografica Y Estadistica Para La Poblacion Del Df 2.1.Pdf,Secretaría de Desarrollo Económico,14
Ley De Prestacion De Servicios Inmobiliarios Del Df 2.1.Pdf,Secretaría de Desarrollo Económico,"2, 7, 14"
Ley De Prestacion De Servicios Inmobiliarios Del Df 2.1.Pdf,Secretaría de Desarrollo Urbano y Vivienda,7
Ley De Prevencion Social Del Delito Y La Violencia Para El Df 2.2.Pdf,Secretaría de Gobierno,5
Ley De Prevencion Social Del Delito Y La Violencia Para El Df 2.2.Pdf,Secretaría de Trabajo y Fomento al Empleo,5
Ley De Prevencion Social Del Delito Y La Violencia Para El Df 2.2.Pdf,Secretaría de Turismo,6
Ley De Prevencion Social Del Delito Y La Violencia Para El Df 2.2.Pdf,Consejería Jurídica y de Servicios Legales,6
Ley De Procedimiento Administrativo De La Cdmx 1.1.Pdf,Secretaría de Administración y Finanzas,4
Ley De Procedimiento Administrativo De La Cdmx 1.1.Pdf,Secretaría de Seguridad Ciudadana,"14, 17, 28"
Ley De Procedimiento Administrativo De La Cdmx 1.1.Pdf,Secretaría de Desarrollo Urbano y Vivienda,38
Ley De Procedimiento Administrativo De La Cdmx 1.1.Pdf,Jefatura de Gobierno de la Ciudad de México,42
Ley De Propiedad En Condominio De Inmuebles Para El Df 4.Pdf,Secretaría de Desarrollo Urbano y Vivienda,"5, 6, 35"
Ley De Propiedad En Condominio De Inmuebles Para El Df 4.Pdf,Secretaría del Medio Ambiente,"5, 6, 10"
Ley De Propiedad En Condominio De Inmuebles Para El Df 4.Pdf,Jefatura de Gobierno de la Ciudad de México,"44, 45"
Ley De Proteccion A La Salud De Los No Fumadores 2.2.Pdf,Jefatura de Gobierno de la Ciudad de México,"2, 15"
Ley De Proteccion De Datos Personales En Posesion De Sujetos Obligados De La Cdmx 4.Pdf,Jefatura de Gobierno de la Ciudad de México,47
Ley De Proteccion Y Bienestar De Los Animales De La Cdmx 1.1.Pdf,Agencia de Atención Animal,"6, 9, 11, 17, 26, 27, 33, 53, 56, 58, 66, 67, 68, 70"
Ley De Proteccion Y Bienestar De Los Animales De La Cdmx 1.1.Pdf,Secretaría del Medio Ambiente,"11, 56, 67, 69, 70"
Ley De Proteccion Y Bienestar De Los Animales De La Cdmx 1.1.Pdf,Secretaría de Salud de la Ciudad de México,"11, 68"
Ley De Proteccion Y Bienestar De Los Animales De La Cdmx 1.1.Pdf,Secretaría de Seguridad Ciudadana,"11, 18, 20, 56"
Ley De Proteccion Y Bienestar De Los Animales De La Cdmx 1.1.Pdf,Jefatura de Gobierno de la Ciudad de México,"16, 56, 57, 59, 70, 71, 72, 73, 74, 75, 76, 77, 78"
Ley De Proteccion Y Bienestar De Los Animales De La Cdmx 1.1.Pdf,Secretaría de Administración y Finanzas,53
Ley De Proteccion Y Bienestar De Los Animales De La Cdmx 1.1.Pdf,"Secretaría de Educación, Ciencia, Tecnología e Innovación",57
Ley De Proteccion Y Bienestar De Los Animales De La Cdmx 1.1.Pdf,Secretaría de Cultura,57
Ley De Proteccion Y Bienestar De Los Animales De La Cdmx 1.1.Pdf,Fiscalía General de Justicia de la Ciudad de México,57
Ley De Proteccion Y Fomento Al Empleo Para La Cdmx 1.Pdf,Secretaría de Trabajo y Fomento al Empleo,"1, 2"
Ley De Proteccion Y Fomento Al Empleo Para La Cdmx 1.Pdf,Secretaría de Desarrollo Económico,"1, 2, 3"
Ley De Proteccion Y Fomento Al Empleo Para La Cdmx 1.Pdf,Secretaría de Administración y Finanzas,"2, 8, 10"
Ley De Proteccion Y Fomento Al Empleo Para La Cdmx 1.Pdf,Secretaría de Gobierno,10
Ley De Proteccion Y Fomento Al Empleo Para La Cdmx 1.Pdf,Jefatura de Gobierno de la Ciudad de México,"13, 14, 15, 16"
Ley De Publicidad Exterior De La Cdmx 2.1.Pdf,Secretaría de Desarrollo Urbano y Vivienda,"4, 6"
Ley De Publicidad Exterior De La Cdmx 2.1.Pdf,Secretaría de Administración y Finanzas,"5, 6, 30"
Ley De Publicidad Exterior De La Cdmx 2.1.Pdf,Secretaría de Gestión Integral de Riesgos y Protección Civil,"6, 30"
Ley De Publicidad Exterior De La Cdmx 2.1.Pdf,Secretaría de Movilidad,"6, 30, 40"
Ley De Publicidad Exterior De La Cdmx 2.1.Pdf,Agencia Digital de Innovación Pública,28
Ley De Publicidad Exterior De La Cdmx 2.1.Pdf,Secretaría del Medio Ambiente,30
Ley De Publicidad Exterior De La Cdmx 2.1.Pdf,Secretaría de Seguridad Ciudadana,"31, 32, 33"
Ley De Publicidad Exterior De La Cdmx 2.1.Pdf,Jefatura de Gobierno de la Ciudad de México,"39, 45, 46"
Ley De Publicidad Exterior De La Cdmx 2.1.Pdf,Fiscalía General de Justicia de la Ciudad de México,42
Ley De Residuos Solidos Del Df 7.Pdf,Secretaría del Medio Ambiente,"6, 12, 34, 36, 37, 43"
Ley De Residuos Solidos Del Df 7.Pdf,Secretaría de Obras y Servicios,"7, 8, 9, 11, 12, 14, 16, 17, 20, 24, 25, 27, 28, 29, 30, 34, 35, 37, 43"
Ley De Residuos Solidos Del Df 7.Pdf,Secretaría de Desarrollo Económico,30
Ley De Residuos Solidos Del Df 7.Pdf,"Secretaría de Educación, Ciencia, Tecnología e Innovación",41
Ley De Residuos Solidos Del Df 7.Pdf,Jefatura de Gobierno de la Ciudad de México,"42, 43, 44, 45"
Ley De Responsabilidades Administrativas De La Cdmx 3.1.Pdf,Contraloría General de la Ciudad de México,"4, 58"
Ley De Responsabilidades Administrativas De La Cdmx 3.1.Pdf,Jefatura de Gobierno de la Ciudad de México,"59, 62, 63"
Ley De Responsabilidad Ambiental De La Cdmx 1.Pdf,Secretaría del Medio Ambiente,"3, 5"
Ley De Responsabilidad Ambiental De La Cdmx 1.Pdf,Secretaría de Desarrollo Urbano y Vivienda,3
Ley De Responsabilidad Ambiental De La Cdmx 1.Pdf,Jefatura de Gobierno de la Ciudad de México,"25, 26"
Ley De Resp  Soc  Mercantil De La Ciudad De Mexico 2.4.Pdf,Agencia Digital de Innovación Pública,1
Ley De Resp  Soc  Mercantil De La Ciudad De Mexico 2.4.Pdf,Secretaría de Desarrollo Económico,2
Ley De Resp  Soc  Mercantil De La Ciudad De Mexico 2.4.Pdf,Contraloría General de la Ciudad de México,7
Ley De Resp  Soc  Mercantil De La Ciudad De Mexico 2.4.Pdf,Jefatura de Gobierno de la Ciudad de México,8
Ley De Salud De La Ciudad De Mexico 3.2.Pdf,Secretaría de Salud de la Ciudad de México,"3, 10"
Ley De Salud De La Ciudad De Mexico 3.2.Pdf,"Secretaría de Educación, Ciencia, Tecnología e Innovación",9
Ley De Salud De La Ciudad De Mexico 3.2.Pdf,Secretaría de Gobierno,"22, 27, 28, 54, 62"
Ley De Salud De La Ciudad De Mexico 3.2.Pdf,Secretaría de Administración y Finanzas,"22, 29, 30, 73, 83"
Ley De Salud De La Ciudad De Mexico 3.2.Pdf,Secretaría del Medio Ambiente,"23, 24"
Ley De Salud De La Ciudad De Mexico 3.2.Pdf,Secretaría de Pueblos y Barrios Originarios y Comunidades Indígenas Residentes,23
Ley De Salud De La Ciudad De Mexico 3.2.Pdf,Secretaría de Desarrollo Económico,25
Ley De Salud De La Ciudad De Mexico 3.2.Pdf,Secretaría de las Mujeres,26
Ley De Salud De La Ciudad De Mexico 3.2.Pdf,Secretaría de Movilidad,"27, 32"
Ley De Salud De La Ciudad De Mexico 3.2.Pdf,Secretaría de Seguridad Ciudadana,"27, 30"
Ley De Salud De La Ciudad De Mexico 3.2.Pdf,Secretaría de Gestión Integral de Riesgos y Protección Civil,28
Ley De Salud De La Ciudad De Mexico 3.2.Pdf,Agencia Digital de Innovación Pública,29
Ley De Salud De La Ciudad De Mexico 3.2.Pdf,Sistema de Aguas de la Ciudad de México,"29, 75"
Ley De Salud De La Ciudad De Mexico 3.2.Pdf,Secretaría de Cultura,30
Ley De Salud De La Ciudad De Mexico 3.2.Pdf,Fiscalía General de Justicia de la Ciudad de México,60
Ley De Salud De La Ciudad De Mexico 3.2.Pdf,Jefatura de Gobierno de la Ciudad de México,"73, 82, 83, 84, 85, 86, 87, 88"
Ley De Sociedades Mutualistas De La Cdmx 3.1.Pdf,Secretaría de Trabajo y Fomento al Empleo,2
Ley De Sociedades Mutualistas De La Cdmx 3.1.Pdf,Jefatura de Gobierno de la Ciudad de México,"3, 14"
Ley De Sociedad De Convivencia Para La Cdmx 2.1.Pdf,Consejería Jurídica y de Servicios Legales,3
Ley De Transparencia Acceso A La Informacion Publica Y Rendicion De Cuentas De La Cdmx 5.1.Pdf,Jefatura de Gobierno de la Ciudad de México,"13, 104"
Ley De Transparencia Acceso A La Informacion Publica Y Rendicion De Cuentas De La Cdmx 5.1.Pdf,Consejería Jurídica y de Servicios Legales,13
Ley De Turismo De La Ciudad De Mexico 1.1.Pdf,Jefatura de Gobierno de la Ciudad de México,"3, 7, 10, 40, 41"
Ley De Turismo De La Ciudad De Mexico 1.1.Pdf,Secretaría de Turismo,"4, 7, 17, 39, 40"
Ley De Turismo De La Ciudad De Mexico 1.1.Pdf,Secretaría de Administración y Finanzas,19
Ley De Turismo De La Ciudad De Mexico 1.1.Pdf,Secretaría de Desarrollo Económico,19
Ley De Turismo De La Ciudad De Mexico 1.1.Pdf,Secretaría de Cultura,19
Ley De Turismo De La Ciudad De Mexico 1.1.Pdf,Secretaría de Desarrollo Urbano y Vivienda,20
Ley De Turismo De La Ciudad De Mexico 1.1.Pdf,Secretaría del Medio Ambiente,20
Ley De Turismo De La Ciudad De Mexico 1.1.Pdf,Secretaría de Pueblos y Barrios Originarios y Comunidades Indígenas Residentes,"23, 25, 26"
Ley De Turismo De La Ciudad De Mexico 1.1.Pdf,Secretaría de Desarrollo Rural y Equidad para las Comunidades,24
Ley De Turismo De La Ciudad De Mexico 1.1.Pdf,Agencia Digital de Innovación Pública,40
Ley De Victimas Para La Cdmx 5.Pdf,Fiscalía General de Justicia de la Ciudad de México,"3, 78"
Ley De Victimas Para La Cdmx 5.Pdf,Consejería Jurídica y de Servicios Legales,"28, 33, 37, 46, 61, 75"
Ley De Victimas Para La Cdmx 5.Pdf,Jefatura de Gobierno de la Ciudad de México,"32, 82"
Ley De Victimas Para La Cdmx 5.Pdf,Secretaría de Gobierno,"32, 34, 36, 38, 56, 61"
Ley De Victimas Para La Cdmx 5.Pdf,Secretaría de Desarrollo Rural y Equidad para las Comunidades,"33, 37, 43, 61"
Ley De Victimas Para La Cdmx 5.Pdf,Secretaría de Desarrollo Urbano y Vivienda,"33, 37, 44"
Ley De Victimas Para La Cdmx 5.Pdf,Secretaría de Cultura,"33, 37, 44"
Ley De Victimas Para La Cdmx 5.Pdf,Secretaría de Educación de la Ciudad de México,"43, 46"
Ley De Victimas Para La Cdmx 5.Pdf,Secretaría de Salud de la Ciudad de México,52
Ley De Victimas Para La Cdmx 5.Pdf,Secretaría de Trabajo y Fomento al Empleo,61
Ley De Vivienda Para La Cdmx 4.1.Pdf,Secretaría de Desarrollo Urbano y Vivienda,"8, 37"
Ley De Vivienda Para La Cdmx 4.1.Pdf,Jefatura de Gobierno de la Ciudad de México,"9, 10, 35, 37, 38, 39"
Ley De Vivienda Para La Cdmx 4.1.Pdf,Secretaría de Movilidad,19
Ley De Vivienda Para La Cdmx 4.1.Pdf,Secretaría del Medio Ambiente,23
Ley De Voluntad Anticipada Para El Df 2.1.Pdf,Jefatura de Gobierno de la Ciudad de México,"14, 15"
Ley De Voluntad Anticipada Para El Df 2.1.Pdf,Secretaría de Administración y Finanzas,15
Ley Organica Del Centro De Conciliacion Laboral De La Ciudad De  Mexico 1.3.Pdf,Secretaría de Trabajo y Fomento al Empleo,"1, 2, 12"
Ley Organica Del Centro De Conciliacion Laboral De La Ciudad De  Mexico 1.3.Pdf,Contraloría General de la Ciudad de México,"4, 11"
Ley Organica Del Centro De Conciliacion Laboral De La Ciudad De  Mexico 1.3.Pdf,Secretaría de Administración y Finanzas,5
Ley Organica Del Centro De Conciliacion Laboral De La Ciudad De  Mexico 1.3.Pdf,Consejería Jurídica y de Servicios Legales,5
Ley Organica Del Centro De Conciliacion Laboral De La Ciudad De  Mexico 1.3.Pdf,Secretaría de Pueblos y Barrios Originarios y Comunidades Indígenas Residentes,5
Ley Organica Del Centro De Conciliacion Laboral De La Ciudad De  Mexico 1.3.Pdf,Secretaría de las Mujeres,5
Ley Organica Del Centro De Conciliacion Laboral De La Ciudad De  Mexico 1.3.Pdf,Jefatura de Gobierno de la Ciudad de México,"7, 12, 13, 14"
Ley Organica Del Congreso De La Cdmx 7.2.Pdf,Fiscalía General de Justicia de la Ciudad de México,"11, 12, 62, 63, 64"
Ley Organica Del Congreso De La Cdmx 7.2.Pdf,Jefatura de Gobierno de la Ciudad de México,"61, 89"
Ley Organica Del Consejo Economico Social Y Ambiental Cdmx 5.4.Pdf,Secretaría de Gobierno,5
Ley Organica Del Consejo Economico Social Y Ambiental Cdmx 5.4.Pdf,Secretaría de Administración y Finanzas,"5, 10"
Ley Organica Del Consejo Economico Social Y Ambiental Cdmx 5.4.Pdf,Secretaría de Desarrollo Económico,"5, 10"
Ley Organica Del Consejo Economico Social Y Ambiental Cdmx 5.4.Pdf,Secretaría de Turismo,5
Ley Organica Del Consejo Economico Social Y Ambiental Cdmx 5.4.Pdf,"Secretaría de Educación, Ciencia, Tecnología e Innovación",5
Ley Organica Del Consejo Economico Social Y Ambiental Cdmx 5.4.Pdf,Secretaría de Trabajo y Fomento al Empleo,5
Ley Organica Del Consejo Economico Social Y Ambiental Cdmx 5.4.Pdf,Secretaría del Medio Ambiente,10
Ley Organica Del Consejo Economico Social Y Ambiental Cdmx 5.4.Pdf,Jefatura de Gobierno de la Ciudad de México,"16, 20, 21"
Ley Organica Del Consejo Economico Social Y Ambiental Cdmx 5.4.Pdf,Consejería Jurídica y de Servicios Legales,20
Ley Organica Del Poder Ejecutivo Y De La Administracion Publica De La Cdmx 7.Pdf,Consejería Jurídica y de Servicios Legales,"2, 8, 9, 11, 33, 39, 63, 65, 66, 80"
Ley Organica Del Poder Ejecutivo Y De La Administracion Publica De La Cdmx 7.Pdf,Jefatura de Gobierno de la Ciudad de México,"7, 24, 78, 94, 95, 97, 98, 99, 100, 103"
Ley Organica Del Poder Ejecutivo Y De La Administracion Publica De La Cdmx 7.Pdf,Secretaría de Gobierno,"7, 12, 32, 52, 65, 96"
Ley Organica Del Poder Ejecutivo Y De La Administracion Publica De La Cdmx 7.Pdf,Secretaría de Administración y Finanzas,"7, 10, 16, 20, 23, 25, 29, 30, 44, 56, 66, 67, 68, 69, 72, 79, 96, 101"
Ley Organica Del Poder Ejecutivo Y De La Administracion Publica De La Cdmx 7.Pdf,Secretaría de Cultura,"7, 27"
Ley Organica Del Poder Ejecutivo Y De La Administracion Publica De La Cdmx 7.Pdf,Secretaría de Desarrollo Económico,"7, 28, 41"
Ley Organica Del Poder Ejecutivo Y De La Administracion Publica De La Cdmx 7.Pdf,"Secretaría de Educación, Ciencia, Tecnología e Innovación","7, 34, 35, 39"
Ley Organica Del Poder Ejecutivo Y De La Administracion Publica De La Cdmx 7.Pdf,Secretaría de Gestión Integral de Riesgos y Protección Civil,"7, 42, 79"
Ley Organica Del Poder Ejecutivo Y De La Administracion Publica De La Cdmx 7.Pdf,Secretaría de Bienestar e Igualdad Social,"8, 44, 101, 102"
Ley Organica Del Poder Ejecutivo Y De La Administracion Publica De La Cdmx 7.Pdf,Secretaría del Medio Ambiente,"8, 46, 101"
Ley Organica Del Poder Ejecutivo Y De La Administracion Publica De La Cdmx 7.Pdf,Secretaría de Movilidad,"8, 50"
Ley Organica Del Poder Ejecutivo Y De La Administracion Publica De La Cdmx 7.Pdf,Secretaría de las Mujeres,"8, 52, 80"
Ley Organica Del Poder Ejecutivo Y De La Administracion Publica De La Cdmx 7.Pdf,Secretaría de Obras y Servicios,"8, 54, 80"
Ley Organica Del Poder Ejecutivo Y De La Administracion Publica De La Cdmx 7.Pdf,Secretaría de Pueblos y Barrios Originarios y Comunidades Indígenas Residentes,"8, 55"
Ley Organica Del Poder Ejecutivo Y De La Administracion Publica De La Cdmx 7.Pdf,Secretaría de Seguridad Ciudadana,"8, 96, 97"
Ley Organica Del Poder Ejecutivo Y De La Administracion Publica De La Cdmx 7.Pdf,Secretaría de Trabajo y Fomento al Empleo,"8, 29, 58, 60"
Ley Organica Del Poder Ejecutivo Y De La Administracion Publica De La Cdmx 7.Pdf,Secretaría de Turismo,"8, 61"
Ley Organica Del Poder Ejecutivo Y De La Administracion Publica De La Cdmx 7.Pdf,Contraloría General de la Ciudad de México,14
Ley Organica Del Poder Ejecutivo Y De La Administracion Publica De La Cdmx 7.Pdf,Secretaría de Protección Civil,79
Ley Organica Del Poder Ejecutivo Y De La Administracion Publica De La Cdmx 7.Pdf,Sistema de Aguas de la Ciudad de México,"101, 102"
Ley Organica Del Poder Ejecutivo Y De La Administracion Publica De La Cdmx 7.Pdf,Secretaría de Desarrollo Urbano y Vivienda,102
Ley Organica Del Poder Judicial De La Cdmx 3.Pdf,Jefatura de Gobierno de la Ciudad de México,"5, 135, 136, 137, 138"
Ley Organica De Alcaldias De La Cdmx 6.1.Pdf,Jefatura de Gobierno de la Ciudad de México,"67, 68, 69, 70, 71, 72, 73, 74, 75"
Ley Organica De La Cdhcdmx 1.3.Pdf,Secretaría de Administración y Finanzas,37
Ley Organica De La Cdhcdmx 1.3.Pdf,Jefatura de Gobierno de la Ciudad de México,"44, 45"
Ley Organica De La Escuela De Adm Publica De La  Cdmx 1.2.Pdf,Contraloría General de la Ciudad de México,"2, 7"
Ley Organica De La Fiscalia General De Justicia De La Ciudad De Mexico 7.Pdf,Fiscalía General de Justicia de la Ciudad de México,"1, 3, 62, 63, 65"
Ley Organica De La Fiscalia General De Justicia De La Ciudad De Mexico 7.Pdf,Jefatura de Gobierno de la Ciudad de México,"22, 24, 66, 67, 68, 69"
Ley Organica De La Fiscalia General De Justicia De La Ciudad De Mexico 7.Pdf,Comisión de Búsqueda de Personas de la Ciudad de México,40
Ley Organica De La Fiscalia General De Justicia De La Ciudad De Mexico 7.Pdf,Secretaría de Administración y Finanzas,56
Ley Organica De La Paot De La Cdmx 3.1.Pdf,Secretaría del Medio Ambiente,3
Ley Organica De La Paot De La Cdmx 3.1.Pdf,Jefatura de Gobierno de la Ciudad de México,"8, 35"
Ley Organica De La Ssc Cdmx 7.Pdf,Secretaría de Seguridad Ciudadana,"1, 2, 22, 23, 24, 26"
Ley Organica De La Ssc Cdmx 7.Pdf,Secretaría de Administración y Finanzas,"4, 24"
Ley Organica De La Ssc Cdmx 7.Pdf,Policía Auxiliar,12
Ley Organica De La Ssc Cdmx 7.Pdf,Policía Bancaria e Industrial,12
Ley Organica De La Ssc Cdmx 7.Pdf,Secretaría del Medio Ambiente,"14, 21, 22"
Ley Organica De La Ssc Cdmx 7.Pdf,Fiscalía General de Justicia de la Ciudad de México,19
Ley Organica De La Ssc Cdmx 7.Pdf,Jefatura de Gobierno de la Ciudad de México,"22, 23, 25, 26"
Ley Organica De La Ssc Cdmx 7.Pdf,Secretaría de Gobierno,23
Ley Org Fiscalia Especial En Combate A La Corrupcion 1.2.Pdf,Contraloría General de la Ciudad de México,11
Ley Org Sala Constitucional Del Pjcdmx 2.1.Pdf,Jefatura de Gobierno de la Ciudad de México,7
Ley Org Sala Constitucional Del Pjcdmx 2.1.Pdf,Fiscalía General de Justicia de la Ciudad de México,11
Ley Parala Atencion Integral Delas Personas Con Sindrome De Down Cdmx 3.Pdf,Secretaría de Gobierno,"2, 4"
Ley Parala Atencion Integral Delas Personas Con Sindrome De Down Cdmx 3.Pdf,Secretaría de Salud de la Ciudad de México,2
Ley Parala Atencion Integral Delas Personas Con Sindrome De Down Cdmx 3.Pdf,Secretaría de Trabajo y Fomento al Empleo,"2, 6"
Ley Parala Atencion Integral De Sustancias Psicoactivas Del Df 2.3.Pdf,Secretaría de Cultura,"13, 32"
Ley Parala Atencion Integral De Sustancias Psicoactivas Del Df 2.3.Pdf,Secretaría de Desarrollo Rural y Equidad para las Comunidades,13
Ley Parala Atencion Integral De Sustancias Psicoactivas Del Df 2.3.Pdf,Consejería Jurídica y de Servicios Legales,18
Ley Parala Atencion Integral De Sustancias Psicoactivas Del Df 2.3.Pdf,Secretaría de Salud de la Ciudad de México,29
Ley Parala Atencion Integral De Sustancias Psicoactivas Del Df 2.3.Pdf,Secretaría de Gobierno,32
Ley Parala Atencion Integral De Sustancias Psicoactivas Del Df 2.3.Pdf,Jefatura de Gobierno de la Ciudad de México,46
Ley Parala Atencion Integral De Sustancias Psicoactivas Del Df 2.3.Pdf,Secretaría de Administración y Finanzas,47
Ley Parala Prev Trat Y Control De La Diabetes En El Df 2.Pdf,Secretaría de Gobierno,8
Ley Para El Desarrollo Del Df-Como-Ciudad-Digital Y Del Conocimiento 2.1.Pdf,Secretaría de Cultura,"4, 8"
Ley Para El Desarrollo Del Df-Como-Ciudad-Digital Y Del Conocimiento 2.1.Pdf,Secretaría de Desarrollo Económico,"4, 10"
Ley Para El Desarrollo De La Competitividad De La Mipymes Para Df 3.3.Pdf,Secretaría de Desarrollo Económico,"2, 3"
Ley Para El Desarrollo De La Competitividad De La Mipymes Para Df 3.3.Pdf,"Secretaría de Educación, Ciencia, Tecnología e Innovación",12
Ley Para El Desarrollo De La Competitividad De La Mipymes Para Df 3.3.Pdf,Jefatura de Gobierno de la Ciudad de México,15
Ley Para El Desarrollo Economico De La Cdmx 1.1.Pdf,Jefatura de Gobierno de la Ciudad de México,"5, 28, 29"
Ley Para El Desarrollo Economico De La Cdmx 1.1.Pdf,Secretaría de Desarrollo Económico,"5, 6"
Ley Para El Desarrollo Economico De La Cdmx 1.1.Pdf,Secretaría de Desarrollo Urbano y Vivienda,6
Ley Para El Desarrollo Economico De La Cdmx 1.1.Pdf,Secretaría de Trabajo y Fomento al Empleo,"6, 20"
Ley Para El Desarrollo Economico De La Cdmx 1.1.Pdf,"Secretaría de Educación, Ciencia, Tecnología e Innovación","6, 21, 22"
Ley Para El Desarrollo Economico De La Cdmx 1.1.Pdf,Secretaría de Pueblos y Barrios Originarios y Comunidades Indígenas Residentes,6
Ley Para La Atencion Personas Espectro Autista 3.Pdf,Secretaría de Gobierno,9
Ley Para La Atencion Personas Espectro Autista 3.Pdf,"Secretaría de Educación, Ciencia, Tecnología e Innovación",9
Ley Para La Atencion Personas Espectro Autista 3.Pdf,Secretaría de Administración y Finanzas,9
Ley Para La Atencion Personas Espectro Autista 3.Pdf,Secretaría de Seguridad Ciudadana,9
Ley Para La Atencion Personas Espectro Autista 3.Pdf,Fiscalía General de Justicia de la Ciudad de México,9
Ley Para La Atencion Personas Espectro Autista 3.Pdf,Jefatura de Gobierno de la Ciudad de México,13
Ley Para La Atn Delitos Trata De Personas De La Cdmx 4.Pdf,Comisión de Búsqueda de Personas de la Ciudad de México,2
Ley Para La Atn Delitos Trata De Personas De La Cdmx 4.Pdf,Consejería Jurídica y de Servicios Legales,2
Ley Para La Atn Delitos Trata De Personas De La Cdmx 4.Pdf,Fiscalía General de Justicia de la Ciudad de México,"2, 3"
Ley Para La Atn Delitos Trata De Personas De La Cdmx 4.Pdf,Jefatura de Gobierno de la Ciudad de México,"3, 23"
Ley Para La Atn Delitos Trata De Personas De La Cdmx 4.Pdf,Secretaría de Gobierno,"4, 9, 10, 12"
Ley Para La Atn Delitos Trata De Personas De La Cdmx 4.Pdf,Secretaría de Salud de la Ciudad de México,4
Ley Para La Atn Delitos Trata De Personas De La Cdmx 4.Pdf,Secretaría de Seguridad Ciudadana,4
Ley Para La Atn Delitos Trata De Personas De La Cdmx 4.Pdf,Secretaría de Turismo,"4, 10, 16"
Ley Para La Atn Delitos Trata De Personas De La Cdmx 4.Pdf,Secretaría de Trabajo y Fomento al Empleo,4
Ley Para La Atn Delitos Trata De Personas De La Cdmx 4.Pdf,Secretaría de las Mujeres,"4, 10, 15, 16, 20"
Ley Para La Celebracion De Espectaculos Publicos De La Cdmx 3.3.Pdf,Secretaría de Gobierno,"1, 2"
Ley Para La Celebracion De Espectaculos Publicos De La Cdmx 3.3.Pdf,"Secretaría de Educación, Ciencia, Tecnología e Innovación","1, 4"
Ley Para La Celebracion De Espectaculos Publicos De La Cdmx 3.3.Pdf,Secretaría de Seguridad Ciudadana,"3, 20, 21"
Ley Para La Celebracion De Espectaculos Publicos De La Cdmx 3.3.Pdf,Secretaría de Gestión Integral de Riesgos y Protección Civil,"4, 5, 28, 32"
Ley Para La Celebracion De Espectaculos Publicos De La Cdmx 3.3.Pdf,Secretaría de Administración y Finanzas,"15, 17"
Ley Para La Celebracion De Espectaculos Publicos De La Cdmx 3.3.Pdf,Jefatura de Gobierno de la Ciudad de México,"24, 25, 26, 27, 40"
Ley Para La Celebracion De Espectaculos Publicos De La Cdmx 3.3.Pdf,Secretaría de Desarrollo Urbano y Vivienda,35
Ley Para La Celebracion De Espectaculos Publicos De La Cdmx 3.3.Pdf,Secretaría de Protección Civil,38
Ley Para La Celebracion De Espectaculos Publicos De La Cdmx 3.3.Pdf,Secretaría del Medio Ambiente,38
Ley Para La Donacion Altruista De Alimentos 2.4.Pdf,Jefatura de Gobierno de la Ciudad de México,9
Ley Para La Int Al Desa De Las Pers Con Discapacidad Del Df 6.4.Pdf,Secretaría de Salud de la Ciudad de México,3
Ley Para La Int Al Desa De Las Pers Con Discapacidad Del Df 6.4.Pdf,Jefatura de Gobierno de la Ciudad de México,"6, 13, 14, 21, 25, 37, 38, 39"
Ley Para La Int Al Desa De Las Pers Con Discapacidad Del Df 6.4.Pdf,Consejería Jurídica y de Servicios Legales,9
Ley Para La Int Al Desa De Las Pers Con Discapacidad Del Df 6.4.Pdf,"Secretaría de Educación, Ciencia, Tecnología e Innovación","13, 25"
Ley Para La Int Al Desa De Las Pers Con Discapacidad Del Df 6.4.Pdf,Secretaría de Movilidad,"16, 25, 28"
Ley Para La Int Al Desa De Las Pers Con Discapacidad Del Df 6.4.Pdf,Secretaría de Cultura,18
Ley Para La Int Al Desa De Las Pers Con Discapacidad Del Df 6.4.Pdf,Secretaría de Turismo,"19, 20"
Ley Para La Int Al Desa De Las Pers Con Discapacidad Del Df 6.4.Pdf,Secretaría de Gobierno,25
Ley Para La Int Al Desa De Las Pers Con Discapacidad Del Df 6.4.Pdf,Secretaría de Administración y Finanzas,25
Ley Para La Int Al Desa De Las Pers Con Discapacidad Del Df 6.4.Pdf,Secretaría de Obras y Servicios,25
Ley Para La Int Al Desa De Las Pers Con Discapacidad Del Df 6.4.Pdf,Secretaría de Desarrollo Urbano y Vivienda,25
Ley Para La Int Al Desa De Las Pers Con Discapacidad Del Df 6.4.Pdf,Secretaría de Seguridad Ciudadana,25
Ley Para La Prev Y Trat De La Obesidad Cdmx 3.Pdf,Secretaría de Gobierno,8
Ley Para La Prev Y Trat De La Obesidad Cdmx 3.Pdf,Secretaría de Cultura,8
Ley Para La Promocion De La Convivencia Libre De Violencia En El Entorno Escolar De La Ciudad De Mexico 2.3.Pdf,"Secretaría de Educación, Ciencia, Tecnología e Innovación",3
Ley Para La Promocion De La Convivencia Libre De Violencia En El Entorno Escolar De La Ciudad De Mexico 2.3.Pdf,Secretaría de Administración y Finanzas,5
Ley Para La Promocion De La Convivencia Libre De Violencia En El Entorno Escolar De La Ciudad De Mexico 2.3.Pdf,Secretaría de Salud de la Ciudad de México,"6, 12"
Ley Para La Promocion De La Convivencia Libre De Violencia En El Entorno Escolar De La Ciudad De Mexico 2.3.Pdf,Secretaría de Seguridad Ciudadana,"6, 9, 12"
Ley Para La Promocion De La Convivencia Libre De Violencia En El Entorno Escolar De La Ciudad De Mexico 2.3.Pdf,Fiscalía General de Justicia de la Ciudad de México,"6, 9, 12"
Ley Para La Promocion De La Convivencia Libre De Violencia En El Entorno Escolar De La Ciudad De Mexico 2.3.Pdf,Jefatura de Gobierno de la Ciudad de México,"12, 24, 25"
Ley Para La Promocion De La Convivencia Libre De Violencia En El Entorno Escolar De La Ciudad De Mexico 2.3.Pdf,Secretaría de las Mujeres,13
Ley Para La Reconstruccion Integral De La Ciudad De Mexico 6.1.Pdf,Consejería Jurídica y de Servicios Legales,3
Ley Para La Reconstruccion Integral De La Ciudad De Mexico 6.1.Pdf,Secretaría de Administración y Finanzas,8
Ley Para La Reconstruccion Integral De La Ciudad De Mexico 6.1.Pdf,Jefatura de Gobierno de la Ciudad de México,"15, 16"
Ley Para La Ret Por Serv Amb En Suelo De Conserv 3.1.Pdf,Secretaría del Medio Ambiente,2
Ley Para Prevenir La Violencia En  Los Espectaculos Deportivos En La Cdmx 2.Pdf,Fiscalía General de Justicia de la Ciudad de México,2
Ley Para Prevenir La Violencia En  Los Espectaculos Deportivos En La Cdmx 2.Pdf,Secretaría de Gobierno,2
Ley Para Prevenir La Violencia En  Los Espectaculos Deportivos En La Cdmx 2.Pdf,Secretaría de Seguridad Ciudadana,2
Ley Para Prevenir La Violencia En  Los Espectaculos Deportivos En La Cdmx 2.Pdf,Jefatura de Gobierno de la Ciudad de México,11
Ley Para Prevenir Y Eliminar La Discriminacion De La Cdmx 5.Pdf,Secretaría de las Mujeres,40
Ley Para Prevenir Y Eliminar La Discriminacion De La Cdmx 5.Pdf,Jefatura de Gobierno de la Ciudad de México,"55, 57, 58"
Ley Para Prev Elim Y Sanc La Desap Forzada Y La Desap Por Part En La Cdmx 2.Pdf,Secretaría de Seguridad Ciudadana,"5, 6, 7, 8"
Ley Para Prev Elim Y Sanc La Desap Forzada Y La Desap Por Part En La Cdmx 2.Pdf,Fiscalía General de Justicia de la Ciudad de México,"5, 6, 7, 8"
Ley Para Prev Elim Y Sanc La Desap Forzada Y La Desap Por Part En La Cdmx 2.Pdf,Consejería Jurídica y de Servicios Legales,5
Ley Para Prev La Violencia En Los Esp Deport Del Df 2.Pdf,Secretaría de Gobierno,2
Ley Para Reconocimiento Y La Atencion De Las Personas Lgbttti De La Cdmx 4.Pdf,Secretaría de Gobierno,"11, 15, 17, 18, 21, 23, 24"
Ley Para Reconocimiento Y La Atencion De Las Personas Lgbttti De La Cdmx 4.Pdf,Secretaría de las Mujeres,12
Ley Para Reconocimiento Y La Atencion De Las Personas Lgbttti De La Cdmx 4.Pdf,Fiscalía General de Justicia de la Ciudad de México,"13, 14"
Ley Para Reconocimiento Y La Atencion De Las Personas Lgbttti De La Cdmx 4.Pdf,Secretaría de Cultura,13
Ley Para Reconocimiento Y La Atencion De Las Personas Lgbttti De La Cdmx 4.Pdf,Secretaría de Salud de la Ciudad de México,"14, 19"
Ley Para Reconocimiento Y La Atencion De Las Personas Lgbttti De La Cdmx 4.Pdf,Secretaría de Administración y Finanzas,"19, 23, 24"
Ley Para Reconocimiento Y La Atencion De Las Personas Lgbttti De La Cdmx 4.Pdf,Secretaría de Seguridad Ciudadana,19
Ley Para Reconocimiento Y La Atencion De Las Personas Lgbttti De La Cdmx 4.Pdf,Jefatura de Gobierno de la Ciudad de México,"23, 25, 27"
Ley Pension Para El Bienestar Personas Mayores 2.1.Pdf,Jefatura de Gobierno de la Ciudad de México,2
Ley Procesal Electoral De La Cdmx 5.2.Pdf,Jefatura de Gobierno de la Ciudad de México,"34, 51, 90, 91, 92, 93"
Ley Prot Int Personas Ddh Y Periodistas Df 3.1.Pdf,Secretaría de Gobierno,"6, 7, 10, 11"
Ley Prot Int Personas Ddh Y Periodistas Df 3.1.Pdf,Sistema para el Desarrollo Integral de la Familia del Distrito Federal,"6, 12"
Ley Prot Int Personas Ddh Y Periodistas Df 3.1.Pdf,Secretaría de Desarrollo Rural y Equidad para las Comunidades,12
Ley Prot Int Personas Ddh Y Periodistas Df 3.1.Pdf,Consejería Jurídica y de Servicios Legales,12
Ley Que Regula El Uso Dela Tecnologia Para La Seguridad Publica Del Df 2.3.Pdf,Consejería Jurídica y de Servicios Legales,4
Ley Que Regula El Uso Dela Tecnologia Para La Seguridad Publica Del Df 2.3.Pdf,Secretaría de Seguridad Ciudadana,"4, 15"
Ley Rec Derechos Personas Mayores Y Del Sistema Int Para Su Atn De La Cdmx 5.Pdf,Agencia Digital de Innovación Pública,2
Ley Rec Derechos Personas Mayores Y Del Sistema Int Para Su Atn De La Cdmx 5.Pdf,Fiscalía General de Justicia de la Ciudad de México,2
Ley Rec Derechos Personas Mayores Y Del Sistema Int Para Su Atn De La Cdmx 5.Pdf,Secretaría de Trabajo y Fomento al Empleo,"14, 38"
Ley Rec Derechos Personas Mayores Y Del Sistema Int Para Su Atn De La Cdmx 5.Pdf,Secretaría de Desarrollo Económico,"14, 37"
Ley Rec Derechos Personas Mayores Y Del Sistema Int Para Su Atn De La Cdmx 5.Pdf,"Secretaría de Educación, Ciencia, Tecnología e Innovación","17, 37"
Ley Rec Derechos Personas Mayores Y Del Sistema Int Para Su Atn De La Cdmx 5.Pdf,Secretaría de Cultura,"18, 37"
Ley Rec Derechos Personas Mayores Y Del Sistema Int Para Su Atn De La Cdmx 5.Pdf,Secretaría de Turismo,19
Ley Rec Derechos Personas Mayores Y Del Sistema Int Para Su Atn De La Cdmx 5.Pdf,Secretaría de Movilidad,22
Ley Rec Derechos Personas Mayores Y Del Sistema Int Para Su Atn De La Cdmx 5.Pdf,Secretaría de Administración y Finanzas,"36, 37"
Ley Rec Derechos Personas Mayores Y Del Sistema Int Para Su Atn De La Cdmx 5.Pdf,Secretaría de Gobierno,"37, 38"
Ley Rec Derechos Personas Mayores Y Del Sistema Int Para Su Atn De La Cdmx 5.Pdf,Secretaría de Desarrollo Urbano y Vivienda,37
Ley Rec Derechos Personas Mayores Y Del Sistema Int Para Su Atn De La Cdmx 5.Pdf,Secretaría de Gestión Integral de Riesgos y Protección Civil,38
Ley Rec Derechos Personas Mayores Y Del Sistema Int Para Su Atn De La Cdmx 5.Pdf,Consejería Jurídica y de Servicios Legales,"38, 44"
Ley Rec Derechos Personas Mayores Y Del Sistema Int Para Su Atn De La Cdmx 5.Pdf,Jefatura de Gobierno de la Ciudad de México,"44, 45, 46, 47"
Ley Registral Para La Cdmx 2.2.Pdf,Consejería Jurídica y de Servicios Legales,"2, 28"
Ley Registral Para La Cdmx 2.2.Pdf,Secretaría de Desarrollo Urbano y Vivienda,25
Ley Registral Para La Cdmx 2.2.Pdf,Contraloría General de la Ciudad de México,28
Ley Regula Funcionamiento De Los Caci Del Df 1.3.Pdf,Secretaría de Protección Civil,"3, 5, 6, 12"
Ley Regula Funcionamiento De Los Caci Del Df 1.3.Pdf,Secretaría de Salud de la Ciudad de México,3
Ley Regula Funcionamiento De Los Caci Del Df 1.3.Pdf,Secretaría de Administración y Finanzas,14
Ley Regula Funcionamiento De Los Caci Del Df 1.3.Pdf,Jefatura de Gobierno de la Ciudad de México,"16, 17"
Ley Regula Uso De La Fuerza Publica Df 1.1.Pdf,Secretaría de Gobierno,8
Presupuesto De Egresos 2024 1.1.Pdf,Secretaría de Administración y Finanzas,"1, 5, 6"
Presupuesto De Egresos 2024 1.1.Pdf,Contraloría General de la Ciudad de México,5
Presupuesto De Egresos 2024 1.1.Pdf,Secretaría de Gobierno,"6, 33"
Presupuesto De Egresos 2024 1.1.Pdf,Secretaría de Cultura,6
Presupuesto De Egresos 2024 1.1.Pdf,Secretaría de Desarrollo Económico,"6, 34"
Presupuesto De Egresos 2024 1.1.Pdf,Secretaría de Desarrollo Urbano y Vivienda,6
Presupuesto De Egresos 2024 1.1.Pdf,"Secretaría de Educación, Ciencia, Tecnología e Innovación",6
Presupuesto De Egresos 2024 1.1.Pdf,Secretaría de Gestión Integral de Riesgos y Protección Civil,6
Presupuesto De Egresos 2024 1.1.Pdf,Secretaría de las Mujeres,6
Presupuesto De Egresos 2024 1.1.Pdf,Secretaría de Movilidad,6
Presupuesto De Egresos 2024 1.1.Pdf,Secretaría de Obras y Servicios,6
Presupuesto De Egresos 2024 1.1.Pdf,Secretaría de Seguridad Ciudadana,6
Presupuesto De Egresos 2024 1.1.Pdf,Secretaría de Trabajo y Fomento al Empleo,6
Presupuesto De Egresos 2024 1.1.Pdf,Secretaría de Turismo,6
Presupuesto De Egresos 2024 1.1.Pdf,Secretaría del Medio Ambiente,"6, 33"
Presupuesto De Egresos 2024 1.1.Pdf,Consejería Jurídica y de Servicios Legales,6
Presupuesto De Egresos 2024 1.1.Pdf,Agencia de Atención Animal,6
Presupuesto De Egresos 2024 1.1.Pdf,Agencia Digital de Innovación Pública,"6, 33"
Presupuesto De Egresos 2024 1.1.Pdf,Comisión de Búsqueda de Personas de la Ciudad de México,7
Presupuesto De Egresos 2024 1.1.Pdf,Policía Auxiliar,"7, 10"
Presupuesto De Egresos 2024 1.1.Pdf,Policía Bancaria e Industrial,7
Presupuesto De Egresos 2024 1.1.Pdf,Metrobús,9
Presupuesto De Egresos 2024 1.1.Pdf,Universidad de la Salud,10
Presupuesto De Egresos 2024 1.1.Pdf,Jefatura de Gobierno de la Ciudad de México,34
